Index,Timestamp,Protocol,Type,Summary,Raw Hex
1,11/06/2025 16:55:30:893.000000,ISO7816,apducommand,APDU Command: MANAGE CHANNEL,0070000001
2,11/06/2025 16:55:30:893.000000,ISO7816,apduresponse,APDU Response,019000
3,11/06/2025 16:55:30:984.000000,ISO7816,apducommand,SELECT FILE -  (A00000084455F1279166010101),01A4040C0DA00000084455F1279166010101
4,11/06/2025 16:55:30:999.000000,ISO7816,apduresponse,"SW: 9000 - Normal processing. Command correctly executed, and no response data",9000
5,11/06/2025 16:55:31:090.000000,ISO7816,apducommand,APDU Command: UNKNOWN,8100000003400101
6,11/06/2025 16:55:31:120.000000,ISO7816,apduresponse,APDU Response,9000
7,11/06/2025 16:55:31:197.000000,ISO7816,apducommand,APDU Command: MANAGE CHANNEL,0070800100
8,11/06/2025 16:55:31:197.000000,ISO7816,apduresponse,APDU Response,9000
9,11/06/2025 16:55:31:318.000000,ISO7816,apducommand,APDU Command: STATUS,80F2000000
10,11/06/2025 16:55:31:318.000000,ISO7816,apduresponse,APDU Response,6C45
11,11/06/2025 16:55:31:319.000000,ISO7816,apducommand,APDU Command: STATUS,80F2000045
12,11/06/2025 16:55:31:741.000000,ISO7816,apduresponse,APDU Response,6243820278218410A0000000871002F230FF018907020000A50E8103000000820100830400023B1C8A01058B032F0602C60F
13,11/06/2025 16:55:31:742.000000,ISO7816,apducommand,FETCH,8012000014
14,11/06/2025 16:55:31:742.000000,ISO7816,apduresponse,FETCH - OPEN CHANNEL,D0128103014009820281820500350103390205789000
15,11/06/2025 16:55:31:756.000000,ISO7816,apducommand,TERMINAL RESPONSE - OPEN CHANNEL,8014000025810301400982028281830100B802810035010339020578C0052108080808C0052108080404
16,11/06/2025 16:55:31:818.000000,ISO7816,apduresponse,"SW: 910D - Command correctly executed, and 13 byte(s) Proactive Command is available",910D
17,11/06/2025 16:55:31:833.000000,ISO7816,apducommand,FETCH,801200000D
18,11/06/2025 16:55:31:833.000000,ISO7816,apduresponse,FETCH - CLOSE CHANNEL,D00B81030141018202812105009000
19,11/06/2025 16:55:31:834.000000,ISO7816,apducommand,TERMINAL RESPONSE - CLOSE CHANNEL,801400000C810301410182028281830100
20,11/06/2025 16:55:31:924.000000,ISO7816,apduresponse,"SW: 910F - Command correctly executed, and 15 byte(s) Proactive Command is available",910F
21,11/06/2025 16:55:31:924.000000,ISO7816,apducommand,FETCH,801200000F
22,11/06/2025 16:55:31:925.000000,ISO7816,apduresponse,FETCH - POLL INTERVAL,D00D8103010300820281828402011E9000
23,11/06/2025 16:55:31:925.000000,ISO7816,apducommand,TERMINAL RESPONSE - POLL INTERVAL,80140000108103010300820282818301008402011E
24,11/06/2025 16:55:31:985.000000,ISO7816,apduresponse,"SW: 9120 - Command correctly executed, and 32 byte(s) Proactive Command is available",9120
25,11/06/2025 16:55:31:985.000000,ISO7816,apducommand,FETCH,8012000020
26,11/06/2025 16:55:31:985.000000,ISO7816,apduresponse,FETCH - OPEN CHANNEL,D01E8103014003820281820500350103390205783C030100353E0521080808089000
27,11/06/2025 16:55:31:986.000000,ISO7816,apducommand,TERMINAL RESPONSE - OPEN CHANNEL,8014000017810301400382028281830100B802810035010339020578
28,11/06/2025 16:55:32:060.000000,ISO7816,apduresponse,"SW: 9143 - Command correctly executed, and 67 byte(s) Proactive Command is available",9143
29,11/06/2025 16:55:32:061.000000,ISO7816,apducommand,FETCH,8012000043
30,11/06/2025 16:55:32:061.000000,ISO7816,apduresponse,FETCH - SEND DATA,D041810301430182028121050036340203010000010000000000000C65696D2D64656D6F2D6C6162026575037461630B7468
31,11/06/2025 16:55:32:076.000000,ISO7816,apducommand,TERMINAL RESPONSE - SEND DATA,801400000F810301430182028281830100B701FF
32,11/06/2025 16:55:32:106.000000,ISO7816,apduresponse,"SW: 9000 - Normal processing. Command correctly executed, and no response data",9000
33,11/06/2025 16:55:32:211.000000,ISO7816,apducommand,SELECT FILE - MF (3F00),00A40004023F00
34,11/06/2025 16:55:32:227.000000,ISO7816,apduresponse,SW: 6132,6132
35,11/06/2025 16:55:32:227.000000,ISO7816,apducommand,GET RESPONSE,00C0000032
36,11/06/2025 16:55:32:227.000000,ISO7816,apduresponse,"SW: 9000 - Normal processing. Command correctly executed, and no response data",62308202782183023F00A50C800161870101830400023B1C8A01058B032F0602C60C90016083010183010A83010B8102FFFF
37,11/06/2025 16:55:32:227.000000,ISO7816,apducommand,SELECT FILE -  (A0000000871002F230FF018907020000),00A4040C10A0000000871002F230FF018907020000
38,11/06/2025 16:55:32:272.000000,ISO7816,apduresponse,"SW: 9000 - Normal processing. Command correctly executed, and no response data",9000
39,11/06/2025 16:55:32:302.000000,ISO7816,apducommand,APDU Command: STATUS,80F2000000
40,11/06/2025 16:55:32:303.000000,ISO7816,apduresponse,APDU Response,6C45
41,11/06/2025 16:55:32:304.000000,ISO7816,apducommand,APDU Command: STATUS,80F2000045
42,11/06/2025 16:55:32:408.000000,ISO7816,apduresponse,APDU Response,6243820278218410A0000000871002F230FF018907020000A50E8103000000820100830400023B1C8A01058B032F0602C60F
43,11/06/2025 16:55:32:879.000000,ISO7816,apducommand,ENVELOPE Event Download - Data Available,80C2000010D60E99010982028281B8028100B701DF
44,11/06/2025 16:55:32:939.000000,ISO7816,apduresponse,"SW: 9110 - Command correctly executed, and 16 byte(s) Proactive Command is available",9110
45,11/06/2025 16:55:32:939.000000,ISO7816,apducommand,FETCH,8012000010
46,11/06/2025 16:55:32:939.000000,ISO7816,apduresponse,FETCH - RECEIVE DATA,D00E8103014200820281210500B701DF9000
47,11/06/2025 16:55:32:954.000000,ISO7816,apducommand,TERMINAL RESPONSE - RECEIVE DATA,80140000F1810301420082028281830100B681DF0203818000010001000100000C65696D2D64656D6F2D6C61620265750374
48,11/06/2025 16:55:33:015.000000,ISO7816,apduresponse,"SW: 9143 - Command correctly executed, and 67 byte(s) Proactive Command is available",9143
49,11/06/2025 16:55:33:015.000000,ISO7816,apducommand,FETCH,8012000043
50,11/06/2025 16:55:33:015.000000,ISO7816,apduresponse,FETCH - SEND DATA,D041810301430182028121050036340204010000010000000000000C65696D2D64656D6F2D6C6162026575037461630B7468
51,11/06/2025 16:55:33:029.000000,ISO7816,apducommand,TERMINAL RESPONSE - SEND DATA,801400000F810301430182028281830100B701FF
52,11/06/2025 16:55:33:059.000000,ISO7816,apduresponse,"SW: 9000 - Normal processing. Command correctly executed, and no response data",9000
53,11/06/2025 16:55:33:180.000000,ISO7816,apducommand,ENVELOPE Event Download - Data Available,80C2000010D60E99010982028281B8028100B701BD
54,11/06/2025 16:55:33:241.000000,ISO7816,apduresponse,"SW: 9110 - Command correctly executed, and 16 byte(s) Proactive Command is available",9110
55,11/06/2025 16:55:33:241.000000,ISO7816,apducommand,FETCH,8012000010
56,11/06/2025 16:55:33:242.000000,ISO7816,apduresponse,FETCH - RECEIVE DATA,D00E8103014200820281210500B701BD9000
57,11/06/2025 16:55:33:256.000000,ISO7816,apducommand,TERMINAL RESPONSE - RECEIVE DATA,80140000CF810301420082028281830100B681BD0204818000010004000000000C65696D2D64656D6F2D6C61620265750374
58,11/06/2025 16:55:33:333.000000,ISO7816,apduresponse,"SW: 910D - Command correctly executed, and 13 byte(s) Proactive Command is available",910D
59,11/06/2025 16:55:33:333.000000,ISO7816,apducommand,FETCH,801200000D
60,11/06/2025 16:55:33:333.000000,ISO7816,apduresponse,FETCH - CLOSE CHANNEL,D00B81030141018202812105009000
61,11/06/2025 16:55:33:347.000000,ISO7816,apducommand,TERMINAL RESPONSE - CLOSE CHANNEL,801400000C810301410182028281830100
62,11/06/2025 16:55:33:497.000000,ISO7816,apduresponse,"SW: 9120 - Command correctly executed, and 32 byte(s) Proactive Command is available",9120
63,11/06/2025 16:55:33:497.000000,ISO7816,apducommand,FETCH,8012000020
64,11/06/2025 16:55:33:498.000000,ISO7816,apduresponse,FETCH - OPEN CHANNEL,D01E8103014003820281820500350103390205783C030201BB3E05210D26D4539000
65,11/06/2025 16:55:33:588.000000,ISO7816,apducommand,TERMINAL RESPONSE - OPEN CHANNEL,8014000017810301400382028281830100B802810035010339020578
66,11/06/2025 16:55:33:724.000000,ISO7816,apduresponse,"SW: 9191 - Command correctly executed, and 145 byte(s) Proactive Command is available",9191
67,11/06/2025 16:55:33:725.000000,ISO7816,apducommand,FETCH,8012000091
68,11/06/2025 16:55:33:739.000000,ISO7816,apduresponse,FETCH - SEND DATA,D0818E8103014301820281210500368180160303007B0100007703030B184B87DB6C126752FE818A7F1F479BF1FD0B62236F
69,11/06/2025 16:55:34:118.000000,ISO7816,apducommand,TERMINAL RESPONSE - SEND DATA,801400000F810301430182028281830100B701FF
70,11/06/2025 16:55:34:148.000000,ISO7816,apduresponse,"SW: 9000 - Normal processing. Command correctly executed, and no response data",9000
71,11/06/2025 16:55:34:721.000000,ISO7816,apducommand,ENVELOPE Event Download - Data Available,80C2000010D60E99010982028281B8028100B701FF
72,11/06/2025 16:55:34:796.000000,ISO7816,apduresponse,"SW: 9110 - Command correctly executed, and 16 byte(s) Proactive Command is available",9110
73,11/06/2025 16:55:34:797.000000,ISO7816,apducommand,FETCH,8012000010
74,11/06/2025 16:55:34:797.000000,ISO7816,apduresponse,FETCH - RECEIVE DATA,D00E8103014200820281210500B701ED9000
75,11/06/2025 16:55:34:811.000000,ISO7816,apducommand,TERMINAL RESPONSE - RECEIVE DATA,80140000FF810301420082028281830100B681ED160303005D020000590303D1C4659709345E45408AC3D3F3C914F54074C7
76,11/06/2025 16:55:34:888.000000,ISO7816,apduresponse,"SW: 9110 - Command correctly executed, and 16 byte(s) Proactive Command is available",9110
77,11/06/2025 16:55:34:888.000000,ISO7816,apducommand,FETCH,8012000010
78,11/06/2025 16:55:34:888.000000,ISO7816,apduresponse,FETCH - RECEIVE DATA,D00E8103014200820281210500B701ED9000
79,11/06/2025 16:55:34:889.000000,ISO7816,apducommand,TERMINAL RESPONSE - RECEIVE DATA,80140000FF810301420082028281830100B681ED75727331133011060355040A0C0A5468616C657320444953312430220603
80,11/06/2025 16:55:34:933.000000,ISO7816,apduresponse,"SW: 9110 - Command correctly executed, and 16 byte(s) Proactive Command is available",9110
81,11/06/2025 16:55:34:947.000000,ISO7816,apducommand,FETCH,8012000010
82,11/06/2025 16:55:34:947.000000,ISO7816,apduresponse,FETCH - RECEIVE DATA,D00E8103014200820281210500B701ED9000
83,11/06/2025 16:55:34:948.000000,ISO7816,apducommand,TERMINAL RESPONSE - RECEIVE DATA,80140000FF810301420082028281830100B681EDCA31098622E6D8A9D56E5762D2828077F5DD6FF1CA255A78CDC9DCE3C862
84,11/06/2025 16:55:35:067.000000,ISO7816,apduresponse,"SW: 9110 - Command correctly executed, and 16 byte(s) Proactive Command is available",9110
85,11/06/2025 16:55:35:068.000000,ISO7816,apducommand,FETCH,8012000010
86,11/06/2025 16:55:35:068.000000,ISO7816,apduresponse,FETCH - RECEIVE DATA,D00E8103014200820281210500B701ED9000
87,11/06/2025 16:55:35:068.000000,ISO7816,apducommand,TERMINAL RESPONSE - RECEIVE DATA,80140000FF810301420082028281830100B681ED1F044A30483046A044A0428640687474703A2F2F63726C2D62706B692E67
88,11/06/2025 16:55:35:127.000000,ISO7816,apduresponse,"SW: 9110 - Command correctly executed, and 16 byte(s) Proactive Command is available",9110
89,11/06/2025 16:55:35:127.000000,ISO7816,apducommand,FETCH,8012000010
90,11/06/2025 16:55:35:127.000000,ISO7816,apduresponse,FETCH - RECEIVE DATA,D00E8103014200820281210500B701ED9000
91,11/06/2025 16:55:35:127.000000,ISO7816,apducommand,TERMINAL RESPONSE - RECEIVE DATA,80140000FF810301420082028281830100B681ED652E6175746F6D6174696F6E407468616C657367726F75702E636F6D310B
92,11/06/2025 16:55:35:263.000000,ISO7816,apduresponse,"SW: 9110 - Command correctly executed, and 16 byte(s) Proactive Command is available",9110
93,11/06/2025 16:55:35:263.000000,ISO7816,apducommand,FETCH,8012000010
94,11/06/2025 16:55:35:263.000000,ISO7816,apduresponse,FETCH - RECEIVE DATA,D00E8103014200820281210500B701CB9000
95,11/06/2025 16:55:35:263.000000,ISO7816,apducommand,TERMINAL RESPONSE - RECEIVE DATA,80140000DD810301420082028281830100B681CB133011060355040A0C0A5468616C6573204449533124302206035504030C
96,11/06/2025 16:55:35:323.000000,ISO7816,apduresponse,"SW: 9000 - Normal processing. Command correctly executed, and no response data",9000
97,11/06/2025 16:55:35:398.000000,ISO7816,apducommand,ENVELOPE Event Download - Data Available,80C2000010D60E99010982028281B8028100B701FF
98,11/06/2025 16:55:35:459.000000,ISO7816,apduresponse,"SW: 9110 - Command correctly executed, and 16 byte(s) Proactive Command is available",9110
99,11/06/2025 16:55:35:459.000000,ISO7816,apducommand,FETCH,8012000010
100,11/06/2025 16:55:35:473.000000,ISO7816,apduresponse,FETCH - RECEIVE DATA,D00E8103014200820281210500B701ED9000
101,11/06/2025 16:55:35:473.000000,ISO7816,apducommand,TERMINAL RESPONSE - RECEIVE DATA,80140000FF810301420082028281830100B681EDB118301F0603551D23041830168014D9C7132310F114CDA9F7E27DE16668
102,11/06/2025 16:55:35:520.000000,ISO7816,apduresponse,"SW: 9110 - Command correctly executed, and 16 byte(s) Proactive Command is available",9110
103,11/06/2025 16:55:35:520.000000,ISO7816,apducommand,FETCH,8012000010
104,11/06/2025 16:55:35:520.000000,ISO7816,apduresponse,FETCH - RECEIVE DATA,D00E8103014200820281210500B701E59000
105,11/06/2025 16:55:35:534.000000,ISO7816,apducommand,TERMINAL RESPONSE - RECEIVE DATA,80140000F7810301420082028281830100B681E5CE207DBDD9A048717DA221DF650A3B2E88C643A7B78C62BF160303002612
106,11/06/2025 16:55:36:367.000000,ISO7816,apduresponse,"SW: 918E - Command correctly executed, and 142 byte(s) Proactive Command is available",918E
107,11/06/2025 16:55:36:367.000000,ISO7816,apducommand,FETCH,801200008E
108,11/06/2025 16:55:36:367.000000,ISO7816,apduresponse,FETCH - SEND DATA,D0818B8103014301820281210500367E16030300461000004241045BCEB709918307A96DAA969AD4C485E4CEAAD7802F1BD2
109,11/06/2025 16:55:37:013.000000,ISO7816,apducommand,TERMINAL RESPONSE - SEND DATA,801400000F810301430182028281830100B701FF
110,11/06/2025 16:55:37:043.000000,ISO7816,apduresponse,"SW: 9000 - Normal processing. Command correctly executed, and no response data",9000
111,11/06/2025 16:55:37:102.000000,ISO7816,apducommand,ENVELOPE Event Download - Data Available,80C2000010D60E99010982028281B8028100B70133
112,11/06/2025 16:55:37:178.000000,ISO7816,apduresponse,"SW: 9110 - Command correctly executed, and 16 byte(s) Proactive Command is available",9110
113,11/06/2025 16:55:37:179.000000,ISO7816,apducommand,FETCH,8012000010
114,11/06/2025 16:55:37:180.000000,ISO7816,apduresponse,FETCH - RECEIVE DATA,D00E8103014200820281210500B701339000
115,11/06/2025 16:55:37:180.000000,ISO7816,apducommand,TERMINAL RESPONSE - RECEIVE DATA,8014000044810301420082028281830100B6331403030001011603030028B8519F9BD8E6C54A2777C84CDDD058E4666020D1
116,11/06/2025 16:55:37:314.000000,ISO7816,apduresponse,"SW: 91CF - Command correctly executed, and 207 byte(s) Proactive Command is available",91CF
117,11/06/2025 16:55:37:315.000000,ISO7816,apducommand,FETCH,80120000CF
118,11/06/2025 16:55:37:315.000000,ISO7816,apduresponse,FETCH - SEND DATA,D081CC81030143008202812105003681BE17030300B98A2C5782396C19B9CFED754E2910BA335351ED1E865AB96BD5C2E19B
119,11/06/2025 16:55:37:329.000000,ISO7816,apducommand,TERMINAL RESPONSE - SEND DATA,801400000F810301430082028281830100B701FF
120,11/06/2025 16:55:37:495.000000,ISO7816,apduresponse,"SW: 9188 - Command correctly executed, and 136 byte(s) Proactive Command is available",9188
121,11/06/2025 16:55:37:495.000000,ISO7816,apducommand,FETCH,8012000088
122,11/06/2025 16:55:37:525.000000,ISO7816,apduresponse,FETCH - SEND DATA,D081858103014301820281210500367817030300731DC1E0678F327DD48AAD1CBE0183C51939302A5E134E7EBDE2B2159E7E
123,11/06/2025 16:55:38:205.000000,ISO7816,apducommand,TERMINAL RESPONSE - SEND DATA,801400000F810301430182028281830100B701FF
124,11/06/2025 16:55:38:251.000000,ISO7816,apduresponse,"SW: 9000 - Normal processing. Command correctly executed, and no response data",9000
125,11/06/2025 16:55:38:568.000000,ISO7816,apducommand,ENVELOPE Event Download - Data Available,80C2000010D60E99010982028281B8028100B701FF
126,11/06/2025 16:55:38:645.000000,ISO7816,apduresponse,"SW: 9110 - Command correctly executed, and 16 byte(s) Proactive Command is available",9110
127,11/06/2025 16:55:38:645.000000,ISO7816,apducommand,FETCH,8012000010
128,11/06/2025 16:55:38:646.000000,ISO7816,apduresponse,FETCH - RECEIVE DATA,D00E8103014200820281210500B701ED9000
129,11/06/2025 16:55:38:646.000000,ISO7816,apducommand,TERMINAL RESPONSE - RECEIVE DATA,80140000FF810301420082028281830100B681ED170303018CB8519F9BD8E6C54B2F5737C39B1F82ED20B8A660705D01EDE3
130,11/06/2025 16:55:38:704.000000,ISO7816,apduresponse,"SW: 9110 - Command correctly executed, and 16 byte(s) Proactive Command is available",9110
131,11/06/2025 16:55:38:705.000000,ISO7816,apducommand,FETCH,8012000010
132,11/06/2025 16:55:38:705.000000,ISO7816,apduresponse,FETCH - RECEIVE DATA,D00E8103014200820281210500B701A49000
133,11/06/2025 16:55:38:705.000000,ISO7816,apducommand,TERMINAL RESPONSE - RECEIVE DATA,80140000B6810301420082028281830100B681A476553928DE00A1CFF53D68BD4C3E43D01D12F784F636C662E261478CB937
134,11/06/2025 16:55:39:357.000000,ISO7816,apduresponse,"SW: 9131 - Command correctly executed, and 49 byte(s) Proactive Command is available",9131
135,11/06/2025 16:55:39:357.000000,ISO7816,apducommand,FETCH,8012000031
136,11/06/2025 16:55:40:942.000000,ISO7816,apduresponse,FETCH - SEND DATA,D02F81030143018202812105003622170303001D766B241D6D0A7BECFD28EADE54CF30BEE7314ABF7552AEAB3CA0AFA46290
137,11/06/2025 16:55:40:943.000000,ISO7816,apducommand,TERMINAL RESPONSE - SEND DATA,801400000F810301430182028281830100B701FF
138,11/06/2025 16:55:40:989.000000,ISO7816,apduresponse,"SW: 9000 - Normal processing. Command correctly executed, and no response data",9000
139,11/06/2025 16:55:41:080.000000,ISO7816,apducommand,ENVELOPE Event Download - Data Available,80C2000010D60E99010982028281B8028100B701FF
140,11/06/2025 16:55:41:172.000000,ISO7816,apduresponse,"SW: 9110 - Command correctly executed, and 16 byte(s) Proactive Command is available",9110
141,11/06/2025 16:55:41:172.000000,ISO7816,apducommand,FETCH,8012000010
142,11/06/2025 16:55:41:172.000000,ISO7816,apduresponse,FETCH - RECEIVE DATA,D00E8103014200820281210500B701ED9000
143,11/06/2025 16:55:41:173.000000,ISO7816,apducommand,TERMINAL RESPONSE - RECEIVE DATA,80140000FF810301420082028281830100B681ED170303019DB8519F9BD8E6C54C9B07028EE08E0345F6C788C65D1A0C2E5E
144,11/06/2025 16:55:41:231.000000,ISO7816,apduresponse,"SW: 9110 - Command correctly executed, and 16 byte(s) Proactive Command is available",9110
145,11/06/2025 16:55:41:232.000000,ISO7816,apducommand,FETCH,8012000010
146,11/06/2025 16:55:41:232.000000,ISO7816,apduresponse,FETCH - RECEIVE DATA,D00E8103014200820281210500B701B59000
147,11/06/2025 16:55:41:233.000000,ISO7816,apducommand,TERMINAL RESPONSE - RECEIVE DATA,80140000C7810301420082028281830100B681B53D054E4FE2357A8259F9028A3E240A8CFE7F10DAFF30E302CAD49BDC20B6
148,11/06/2025 16:55:41:366.000000,ISO7816,apduresponse,"SW: 912E - Command correctly executed, and 46 byte(s) Proactive Command is available",912E
149,11/06/2025 16:55:41:367.000000,ISO7816,apducommand,FETCH,801200002E
150,11/06/2025 16:55:41:367.000000,ISO7816,apduresponse,FETCH - SEND DATA,D02C8103014301820281210500361F150303001A9752591723ED7F327F8A349BDFA3FB1FDEEBDB94D89A6776DA649000
151,11/06/2025 16:55:42:360.000000,ISO7816,apducommand,TERMINAL RESPONSE - SEND DATA,801400000F810301430182028281830100B701FF
152,11/06/2025 16:55:42:480.000000,ISO7816,apduresponse,"SW: 910D - Command correctly executed, and 13 byte(s) Proactive Command is available",910D
153,11/06/2025 16:55:42:481.000000,ISO7816,apducommand,FETCH,801200000D
154,11/06/2025 16:55:42:481.000000,ISO7816,apduresponse,FETCH - CLOSE CHANNEL,D00B81030141008202812105009000
155,11/06/2025 16:55:42:481.000000,ISO7816,apducommand,TERMINAL RESPONSE - CLOSE CHANNEL,801400000C810301410082028281830100
156,11/06/2025 16:55:42:707.000000,ISO7816,apduresponse,"SW: 910B - Command correctly executed, and 11 byte(s) Proactive Command is available",910B
157,11/06/2025 16:55:42:707.000000,ISO7816,apducommand,FETCH,801200000B
158,11/06/2025 16:55:42:707.000000,ISO7816,apduresponse,FETCH - REFRESH,D0098103010104820281829000
159,11/06/2025 16:55:42:722.000000,ISO7816,apducommand,UPDATE RECORD,00DC01C464A03480010081201ACD5133E95EF79184F12250E450F6B3EE0E1DD637F00107836C46576E2344B7820400000020
160,11/06/2025 16:55:42:767.000000,ISO7816,apduresponse,"SW: 9000 - Normal processing. Command correctly executed, and no response data",9000
161,11/06/2025 16:55:42:797.000000,ISO7816,apducommand,APDU Command: STATUS,80F2020000
162,11/06/2025 16:55:42:797.000000,ISO7816,apduresponse,APDU Response,6C45
163,11/06/2025 16:55:42:798.000000,ISO7816,apducommand,APDU Command: STATUS,80F2020045
164,11/06/2025 16:55:42:812.000000,ISO7816,apduresponse,APDU Response,6243820278218410A0000000871002F230FF018907020000A50E8103000000820100830400023B1C8A01058B032F0602C60F
165,11/06/2025 16:55:42:842.000000,MSC_EVENT,mscevent,Card Powered Off Event,1900
166,11/06/2025 16:55:43:735.000000,MSC_EVENT,mscevent,ISO 7816 Event,170407012811
167,11/06/2025 16:55:43:766.000000,ISO7816,coldreset,Card Event: COLD RESET,3B9F97C00A3FC6828031E073FE211F65D002331608810F4F
168,11/06/2025 16:55:43:766.000000,ISO7816,ppscommand,Protocol Type Selection Command,FF109778
169,11/06/2025 16:55:43:766.000000,ISO7816,ppsresponse,Protocol Type Selection Response,FF109778
170,11/06/2025 16:55:44:751.000000,MSC_EVENT,mscevent,ISO 7816 Event,170407012897
171,11/06/2025 16:55:44:751.000000,MSC_EVENT,mscevent,Protocol Event,180120
172,11/06/2025 16:55:44:751.000000,ISO7816,apducommand,SELECT FILE - MF (3F00),00A40004023F00
173,11/06/2025 16:55:45:372.000000,ISO7816,apduresponse,SW: 6132,6132
174,11/06/2025 16:55:45:372.000000,ISO7816,apducommand,GET RESPONSE,00C0000032
175,11/06/2025 16:55:45:372.000000,ISO7816,apduresponse,"SW: 9000 - Normal processing. Command correctly executed, and no response data",62308202782183023F00A50C8001618701018304000236688A01058B032F0602C60C90016083010183010A83010B8102FFFF
176,11/06/2025 16:55:45:402.000000,ISO7816,apducommand,APDU Command: UNKNOWN,80AA000004A9028100
177,11/06/2025 16:55:45:403.000000,ISO7816,apduresponse,APDU Response,9000
178,11/06/2025 16:55:45:403.000000,ISO7816,apducommand,SELECT FILE - EF_ICCID (2FE2),00A40004022FE2
179,11/06/2025 16:55:45:417.000000,ISO7816,apduresponse,SW: 611F,611F
180,11/06/2025 16:55:45:417.000000,ISO7816,apducommand,GET RESPONSE,00C000001F
181,11/06/2025 16:55:45:417.000000,ISO7816,apduresponse,"SW: 9000 - Normal processing. Command correctly executed, and no response data",621D8202412183022FE2A503C001008A01058B032F06068002000A8102001E9000
182,11/06/2025 16:55:45:432.000000,ISO7816,apducommand,READ BINARY,00B000000A
183,11/06/2025 16:55:45:433.000000,ISO7816,apduresponse,"SW: 9000 - Normal processing. Command correctly executed, and no response data",982340020010121987149000
184,11/06/2025 16:55:45:447.000000,ISO7816,apducommand,SELECT FILE - EF_ELP (2F05),00A40004022F05
185,11/06/2025 16:55:45:448.000000,ISO7816,apduresponse,SW: 611F,611F
186,11/06/2025 16:55:45:448.000000,ISO7816,apducommand,GET RESPONSE,00C000001F
187,11/06/2025 16:55:45:462.000000,ISO7816,apduresponse,"SW: 9000 - Normal processing. Command correctly executed, and no response data",621D8202412183022F05A503C001008A01058B032F060580020010810200249000
188,11/06/2025 16:55:45:477.000000,ISO7816,apducommand,READ BINARY,00B0850010
189,11/06/2025 16:55:45:477.000000,ISO7816,apduresponse,"SW: 9000 - Normal processing. Command correctly executed, and no response data",656EFFFFFFFFFFFFFFFFFFFFFFFFFFFF9000
190,11/06/2025 16:55:45:477.000000,ISO7816,apducommand,TERMINAL PROFILE,80100000243309E842119C00278C00001F2260000043C0000000004000400000000008008003100000
191,11/06/2025 16:55:45:642.000000,ISO7816,apduresponse,"SW: 910B - Command correctly executed, and 11 byte(s) Proactive Command is available",910B
192,11/06/2025 16:55:45:657.000000,ISO7816,apducommand,SELECT FILE -  (2F00),00A40004022F00
193,11/06/2025 16:55:45:688.000000,ISO7816,apduresponse,SW: 6125,6125
194,11/06/2025 16:55:45:688.000000,ISO7816,apducommand,GET RESPONSE,00C0000025
195,11/06/2025 16:55:45:688.000000,ISO7816,apduresponse,"SW: 910B - Command correctly executed, and 11 byte(s) Proactive Command is available",622382050221001A0183022F00A503C001008A01058B032F06048002001A810200308801F0910B
196,11/06/2025 16:55:45:688.000000,ISO7816,apducommand,READ RECORD,00B201041A
197,11/06/2025 16:55:45:688.000000,ISO7816,apduresponse,"SW: 910B - Command correctly executed, and 11 byte(s) Proactive Command is available",61184F10A0000000871002F230FF01890702000050045553494D910B
198,11/06/2025 16:55:45:688.000000,ISO7816,apducommand,SELECT FILE -  (A0000000871002F230FF018907020000),00A4040C10A0000000871002F230FF018907020000
199,11/06/2025 16:55:45:748.000000,ISO7816,apduresponse,"SW: 9000 - Normal processing. Command correctly executed, and no response data",9000
200,11/06/2025 16:55:45:749.000000,ISO7816,apducommand,SELECT FILE - EF_ECC (6FB7),00A40004026FB7
201,11/06/2025 16:55:45:764.000000,ISO7816,apduresponse,SW: 6125,6125
202,11/06/2025 16:55:45:765.000000,ISO7816,apducommand,GET RESPONSE,00C0000025
203,11/06/2025 16:55:45:794.000000,ISO7816,apduresponse,"SW: 910B - Command correctly executed, and 11 byte(s) Proactive Command is available",62238205022100100583026FB7A503C001008A01058B036F06048002005081020066880108910B
204,11/06/2025 16:55:45:794.000000,ISO7816,apducommand,READ RECORD,00B2010C10
205,11/06/2025 16:55:45:794.000000,ISO7816,apduresponse,"SW: 910B - Command correctly executed, and 11 byte(s) Proactive Command is available",FFFFFFFFFFFFFFFFFFFFFFFFFFFFFF00910B
206,11/06/2025 16:55:45:809.000000,ISO7816,apducommand,READ RECORD,00B2020410
207,11/06/2025 16:55:45:809.000000,ISO7816,apduresponse,"SW: 910B - Command correctly executed, and 11 byte(s) Proactive Command is available",FFFFFFFFFFFFFFFFFFFFFFFFFFFFFF00910B
208,11/06/2025 16:55:45:824.000000,ISO7816,apducommand,SELECT FILE - EF_LI (6F05),00A40004026F05
209,11/06/2025 16:55:45:825.000000,ISO7816,apduresponse,SW: 6122,6122
210,11/06/2025 16:55:45:825.000000,ISO7816,apducommand,GET RESPONSE,00C0000022
211,11/06/2025 16:55:45:839.000000,ISO7816,apduresponse,"SW: 910B - Command correctly executed, and 11 byte(s) Proactive Command is available",62208202412183026F05A503C001008A01058B036F06058002001081020024880110910B
212,11/06/2025 16:55:45:855.000000,ISO7816,apducommand,READ BINARY,00B0820010
213,11/06/2025 16:55:45:855.000000,ISO7816,apduresponse,"SW: 910B - Command correctly executed, and 11 byte(s) Proactive Command is available",656EFFFFFFFFFFFFFFFFFFFFFFFFFFFF910B
214,11/06/2025 16:55:45:870.000000,ISO7816,apducommand,SELECT FILE - MF (3F00),00A40004023F00
215,11/06/2025 16:55:45:870.000000,ISO7816,apduresponse,SW: 6132,6132
216,11/06/2025 16:55:45:870.000000,ISO7816,apducommand,GET RESPONSE,00C0000032
217,11/06/2025 16:55:45:900.000000,ISO7816,apduresponse,"SW: 910B - Command correctly executed, and 11 byte(s) Proactive Command is available",62308202782183023F00A50C8001618701018304000236688A01058B032F0602C60C90016083010183010A83010B8102FFFF
218,11/06/2025 16:55:45:900.000000,ISO7816,apducommand,SELECT FILE -  (A0000000871002F230FF018907020000),00A4040410A0000000871002F230FF018907020000
219,11/06/2025 16:55:45:946.000000,ISO7816,apduresponse,SW: 6145,6145
220,11/06/2025 16:55:45:946.000000,ISO7816,apducommand,GET RESPONSE,00C0000045
221,11/06/2025 16:55:45:946.000000,ISO7816,apduresponse,"SW: 9000 - Normal processing. Command correctly executed, and no response data",6243820278218410A0000000871002F230FF018907020000A50E81030000008201008304000236688A01058B032F0602C60F
222,11/06/2025 16:55:45:961.000000,ISO7816,apducommand,VERIFY PIN,0020000100
223,11/06/2025 16:55:45:961.000000,ISO7816,apduresponse,SW: 63C3 - Number of retries left = 3,63C3
224,11/06/2025 16:55:45:962.000000,ISO7816,apducommand,UNBLOCK PIN,002C000100
225,11/06/2025 16:55:45:962.000000,ISO7816,apduresponse,SW: 63CA - Number of retries left = 10,63CA
226,11/06/2025 16:55:45:977.000000,ISO7816,apducommand,VERIFY PIN2,0020008100
227,11/06/2025 16:55:45:977.000000,ISO7816,apduresponse,SW: 63C3 - Number of retries left = 3,63C3
228,11/06/2025 16:55:46:007.000000,ISO7816,apducommand,UNBLOCK PIN2,002C008100
229,11/06/2025 16:55:46:007.000000,ISO7816,apduresponse,SW: 63CA - Number of retries left = 10,63CA
230,11/06/2025 16:55:46:008.000000,ISO7816,apducommand,SELECT FILE - EF_AD (6FAD),00A40004026FAD
231,11/06/2025 16:55:46:008.000000,ISO7816,apduresponse,SW: 6122,6122
232,11/06/2025 16:55:46:009.000000,ISO7816,apducommand,GET RESPONSE,00C0000022
233,11/06/2025 16:55:46:022.000000,ISO7816,apduresponse,"SW: 910B - Command correctly executed, and 11 byte(s) Proactive Command is available",62208202412183026FADA503C001008A01058B036F06048002000481020018880118910B
234,11/06/2025 16:55:46:037.000000,ISO7816,apducommand,READ BINARY,00B0830004
235,11/06/2025 16:55:46:037.000000,ISO7816,apduresponse,"SW: 910B - Command correctly executed, and 11 byte(s) Proactive Command is available",00000002910B
236,11/06/2025 16:55:46:037.000000,ISO7816,apducommand,SELECT FILE - EF_UST (6F38),00A40004026F38
237,11/06/2025 16:55:46:053.000000,ISO7816,apduresponse,SW: 6122,6122
238,11/06/2025 16:55:46:053.000000,ISO7816,apducommand,GET RESPONSE,00C0000022
239,11/06/2025 16:55:46:068.000000,ISO7816,apduresponse,"SW: 910B - Command correctly executed, and 11 byte(s) Proactive Command is available",62208202012183026F38A503C001008A01058B036F060A8002000D81020021880120910B
240,11/06/2025 16:55:46:083.000000,ISO7816,apducommand,READ BINARY,00B084000D
241,11/06/2025 16:55:46:113.000000,ISO7816,apduresponse,"SW: 910B - Command correctly executed, and 11 byte(s) Proactive Command is available",1E7E1F1CE33E02000000100000910B
242,11/06/2025 16:55:46:113.000000,ISO7816,apducommand,SELECT FILE -  (6F56),00A40004026F56
243,11/06/2025 16:55:46:113.000000,ISO7816,apduresponse,SW: 6122,6122
244,11/06/2025 16:55:46:113.000000,ISO7816,apducommand,GET RESPONSE,00C0000022
245,11/06/2025 16:55:46:128.000000,ISO7816,apduresponse,"SW: 910B - Command correctly executed, and 11 byte(s) Proactive Command is available",62208202012183026F56A503C001008A01058B036F060C8002000181020015880128910B
246,11/06/2025 16:55:46:143.000000,ISO7816,apducommand,READ BINARY,00B0850001
247,11/06/2025 16:55:46:158.000000,ISO7816,apduresponse,"SW: 910B - Command correctly executed, and 11 byte(s) Proactive Command is available",00910B
248,11/06/2025 16:55:46:174.000000,ISO7816,apducommand,READ BINARY,00B0870009
249,11/06/2025 16:55:46:174.000000,ISO7816,apduresponse,"SW: 910B - Command correctly executed, and 11 byte(s) Proactive Command is available",082960101876917148910B
250,11/06/2025 16:55:46:204.000000,ISO7816,apducommand,READ BINARY,00B0860002
251,11/06/2025 16:55:46:204.000000,ISO7816,apduresponse,"SW: 910B - Command correctly executed, and 11 byte(s) Proactive Command is available",0010910B
252,11/06/2025 16:55:46:219.000000,ISO7816,apducommand,READ BINARY,00B0920001
253,11/06/2025 16:55:46:219.000000,ISO7816,apduresponse,"SW: 910B - Command correctly executed, and 11 byte(s) Proactive Command is available",0A910B
254,11/06/2025 16:55:46:234.000000,ISO7816,apducommand,SELECT FILE - EF_HPLMNwAcT (6F62),00A40004026F62
255,11/06/2025 16:55:46:235.000000,ISO7816,apduresponse,SW: 6122,6122
256,11/06/2025 16:55:46:235.000000,ISO7816,apducommand,GET RESPONSE,00C0000022
257,11/06/2025 16:55:46:249.000000,ISO7816,apduresponse,"SW: 910B - Command correctly executed, and 11 byte(s) Proactive Command is available",62208202412183026F62A503C001408A01058B036F0607800200198102002D880198910B
258,11/06/2025 16:55:46:264.000000,ISO7816,apducommand,READ BINARY,00B0930019
259,11/06/2025 16:55:46:264.000000,ISO7816,apduresponse,"SW: 910B - Command correctly executed, and 11 byte(s) Proactive Command is available",FFFFFF0000FFFFFF0000FFFFFF0000FFFFFF0000FFFFFF0000910B
260,11/06/2025 16:55:46:294.000000,ISO7816,apducommand,SELECT FILE - EF_PLMNwACT (6F60),00A40004026F60
261,11/06/2025 16:55:46:294.000000,ISO7816,apduresponse,SW: 6122,6122
262,11/06/2025 16:55:46:294.000000,ISO7816,apducommand,GET RESPONSE,00C0000022
263,11/06/2025 16:55:46:294.000000,ISO7816,apduresponse,"SW: 910B - Command correctly executed, and 11 byte(s) Proactive Command is available",62208202412183026F60A503C001408A01058B036F0608800201F481020208880150910B
264,11/06/2025 16:55:46:310.000000,ISO7816,apducommand,READ BINARY,00B08A00FF
265,11/06/2025 16:55:46:310.000000,ISO7816,apduresponse,"SW: 910B - Command correctly executed, and 11 byte(s) Proactive Command is available",FFFFFF0000FFFFFF0000FFFFFF0000FFFFFF0000FFFFFF0000FFFFFF0000FFFFFF0000FFFFFF0000FFFFFF0000FFFFFF0000
266,11/06/2025 16:55:46:324.000000,ISO7816,apducommand,READ BINARY,00B000FFF5
267,11/06/2025 16:55:46:332.000000,ISO7816,apduresponse,"SW: 910B - Command correctly executed, and 11 byte(s) Proactive Command is available",FFFFFF0000FFFFFF0000FFFFFF0000FFFFFF0000FFFFFF0000FFFFFF0000FFFFFF0000FFFFFF0000FFFFFF0000FFFFFF0000
268,11/06/2025 16:55:46:340.000000,ISO7816,apducommand,SELECT FILE - EF_OPLMNwACT (6F61),00A40004026F61
269,11/06/2025 16:55:46:355.000000,ISO7816,apduresponse,SW: 6122,6122
270,11/06/2025 16:55:46:356.000000,ISO7816,apducommand,GET RESPONSE,00C0000022
271,11/06/2025 16:55:46:370.000000,ISO7816,apduresponse,"SW: 910B - Command correctly executed, and 11 byte(s) Proactive Command is available",62208202012183026F61A503C001008A01058B036F0607800201F481020208880188910B
272,11/06/2025 16:55:46:400.000000,ISO7816,apducommand,READ BINARY,00B09100FF
273,11/06/2025 16:55:46:400.000000,ISO7816,apduresponse,"SW: 910B - Command correctly executed, and 11 byte(s) Proactive Command is available",FFFFFF0000FFFFFF0000FFFFFF0000FFFFFF0000FFFFFF0000FFFFFF0000FFFFFF0000FFFFFF0000FFFFFF0000FFFFFF0000
274,11/06/2025 16:55:46:416.000000,ISO7816,apducommand,READ BINARY,00B000FFF5
275,11/06/2025 16:55:46:416.000000,ISO7816,apduresponse,"SW: 910B - Command correctly executed, and 11 byte(s) Proactive Command is available",FFFFFF0000FFFFFF0000FFFFFF0000FFFFFF0000FFFFFF0000FFFFFF0000FFFFFF0000FFFFFF0000FFFFFF0000FFFFFF0000
276,11/06/2025 16:55:46:446.000000,ISO7816,apducommand,READ BINARY,00B08B000B
277,11/06/2025 16:55:46:446.000000,ISO7816,apduresponse,"SW: 910B - Command correctly executed, and 11 byte(s) Proactive Command is available",FFFFFFFFFFFFFFFFFFFFFF910B
278,11/06/2025 16:55:46:461.000000,ISO7816,apducommand,READ BINARY,00B08C000E
279,11/06/2025 16:55:46:461.000000,ISO7816,apduresponse,"SW: 910B - Command correctly executed, and 11 byte(s) Proactive Command is available",FFFFFFFFFFFFFFFFFFFF0000FF01910B
280,11/06/2025 16:55:46:492.000000,ISO7816,apducommand,READ BINARY,00B09E0012
281,11/06/2025 16:55:46:492.000000,ISO7816,apduresponse,"SW: 910B - Command correctly executed, and 11 byte(s) Proactive Command is available",FFFFFFFFFFFFFFFFFFFFFFFFFFFFFF000001910B
282,11/06/2025 16:55:46:523.000000,ISO7816,apducommand,READ BINARY,00B0890021
283,11/06/2025 16:55:46:523.000000,ISO7816,apduresponse,"SW: 910B - Command correctly executed, and 11 byte(s) Proactive Command is available",07FFFFFFFFFFFFFFFFFFFFFFFFFFFFFFFFFFFFFFFFFFFFFFFFFFFFFFFFFFFFFFFF910B
284,11/06/2025 16:55:46:538.000000,ISO7816,apducommand,SELECT FILE -  (6FE4),00A40004026FE4
285,11/06/2025 16:55:46:553.000000,ISO7816,apduresponse,SW: 6125,6125
286,11/06/2025 16:55:46:553.000000,ISO7816,apducommand,GET RESPONSE,00C0000025
287,11/06/2025 16:55:46:553.000000,ISO7816,apduresponse,"SW: 910B - Command correctly executed, and 11 byte(s) Proactive Command is available",62238205022100640183026FE4A503C001808A01058B036F0608800200648102007A8801C0910B
288,11/06/2025 16:55:46:583.000000,ISO7816,apducommand,READ RECORD,00B201C464
289,11/06/2025 16:55:46:583.000000,ISO7816,apduresponse,"SW: 910B - Command correctly executed, and 11 byte(s) Proactive Command is available",FFFFFFFFFFFFFFFFFFFFFFFFFFFFFFFFFFFFFFFFFFFFFFFFFFFFFFFFFFFFFFFFFFFFFFFFFFFFFFFFFFFFFFFFFFFFFFFFFFFF
290,11/06/2025 16:55:46:598.000000,ISO7816,apducommand,SELECT FILE - EF_FPLMN (6F7B),00A40004026F7B
291,11/06/2025 16:55:46:599.000000,ISO7816,apduresponse,SW: 6122,6122
292,11/06/2025 16:55:46:599.000000,ISO7816,apducommand,GET RESPONSE,00C0000022
293,11/06/2025 16:55:46:613.000000,ISO7816,apduresponse,"SW: 910B - Command correctly executed, and 11 byte(s) Proactive Command is available",62208202412183026F7BA503C001008A01058B036F06088002000C81020020880168910B
294,11/06/2025 16:55:46:628.000000,ISO7816,apducommand,READ BINARY,00B08D000C
295,11/06/2025 16:55:46:628.000000,ISO7816,apduresponse,"SW: 910B - Command correctly executed, and 11 byte(s) Proactive Command is available",FFFFFFFFFFFFFFFFFFFFFFFF910B
296,11/06/2025 16:55:46:658.000000,ISO7816,apducommand,READ BINARY,00B0900003
297,11/06/2025 16:55:46:659.000000,ISO7816,apduresponse,"SW: 910B - Command correctly executed, and 11 byte(s) Proactive Command is available",FFFFFF910B
298,11/06/2025 16:55:46:688.000000,ISO7816,apducommand,READ BINARY,00B08F0006
299,11/06/2025 16:55:46:688.000000,ISO7816,apduresponse,"SW: 910B - Command correctly executed, and 11 byte(s) Proactive Command is available",F00000F00000910B
300,11/06/2025 16:55:46:702.000000,ISO7816,apducommand,SELECT FILE - EF_SMSP (6F42),00A40004026F42
301,11/06/2025 16:55:46:703.000000,ISO7816,apduresponse,SW: 6124,6124
302,11/06/2025 16:55:46:703.000000,ISO7816,apducommand,GET RESPONSE,00C0000024
303,11/06/2025 16:55:46:717.000000,ISO7816,apduresponse,"SW: 910B - Command correctly executed, and 11 byte(s) Proactive Command is available",62228205422100280283026F42A503C001008A01058B036F060880020050810200668800910B
304,11/06/2025 16:55:46:732.000000,ISO7816,apducommand,READ RECORD,00B2010428
305,11/06/2025 16:55:46:732.000000,ISO7816,apduresponse,"SW: 910B - Command correctly executed, and 11 byte(s) Proactive Command is available",FFFFFFFFFFFFFFFFFFFFFFFFFDFFFFFFFFFFFFFFFFFFFFFFFF099123740500045596F9FFFF65FFFF910B
306,11/06/2025 16:55:46:748.000000,ISO7816,apducommand,SELECT FILE - EF_SMSS (6F43),00A40004026F43
307,11/06/2025 16:55:46:748.000000,ISO7816,apduresponse,SW: 6121,6121
308,11/06/2025 16:55:46:748.000000,ISO7816,apducommand,GET RESPONSE,00C0000021
309,11/06/2025 16:55:46:763.000000,ISO7816,apduresponse,"SW: 910B - Command correctly executed, and 11 byte(s) Proactive Command is available",621F8202412183026F43A503C001008A01058B036F060880020002810200168800910B
310,11/06/2025 16:55:46:793.000000,ISO7816,apducommand,READ BINARY,00B0000002
311,11/06/2025 16:55:46:793.000000,ISO7816,apduresponse,"SW: 910B - Command correctly executed, and 11 byte(s) Proactive Command is available",FFFF910B
312,11/06/2025 16:55:46:793.000000,ISO7816,apducommand,SELECT FILE - MF (3F00),00A40004023F00
313,11/06/2025 16:55:46:793.000000,ISO7816,apduresponse,SW: 6132,6132
314,11/06/2025 16:55:46:793.000000,ISO7816,apducommand,GET RESPONSE,00C0000032
315,11/06/2025 16:55:46:808.000000,ISO7816,apduresponse,"SW: 910B - Command correctly executed, and 11 byte(s) Proactive Command is available",62308202782183023F00A50C8001618701018304000236688A01058B032F0602C60C90016083010183010A83010B8102FFFF
316,11/06/2025 16:55:46:809.000000,ISO7816,apducommand,SELECT FILE -  (2F06),00A40004022F06
317,11/06/2025 16:55:46:823.000000,ISO7816,apduresponse,SW: 6122,6122
318,11/06/2025 16:55:46:823.000000,ISO7816,apducommand,GET RESPONSE,00C0000022
319,11/06/2025 16:55:46:838.000000,ISO7816,apduresponse,"SW: 910B - Command correctly executed, and 11 byte(s) Proactive Command is available",62208205022100401783022F06A503C001008A01058B032F0604800205C0810205D6910B
320,11/06/2025 16:55:46:853.000000,ISO7816,apducommand,READ RECORD,00B2020440
321,11/06/2025 16:55:46:853.000000,ISO7816,apduresponse,"SW: 910B - Command correctly executed, and 11 byte(s) Proactive Command is available",80017FA010A40683010A950108A40683010B950108FFFFFFFFFFFFFFFFFFFFFFFFFFFFFFFFFFFFFFFFFFFFFFFFFFFFFFFFFF
322,11/06/2025 16:55:46:854.000000,ISO7816,apducommand,SELECT FILE -  (A0000000871002F230FF018907020000),00A4040C10A0000000871002F230FF018907020000
323,11/06/2025 16:55:46:898.000000,ISO7816,apduresponse,"SW: 9000 - Normal processing. Command correctly executed, and no response data",9000
324,11/06/2025 16:55:46:913.000000,ISO7816,apducommand,SELECT FILE -  (5F3A),00A40004025F3A
325,11/06/2025 16:55:46:915.000000,ISO7816,apduresponse,SW: 6A82,6A82
326,11/06/2025 16:55:46:915.000000,ISO7816,apducommand,SELECT FILE - MF (3F00),00A40004023F00
327,11/06/2025 16:55:46:928.000000,ISO7816,apduresponse,SW: 6132,6132
328,11/06/2025 16:55:46:928.000000,ISO7816,apducommand,GET RESPONSE,00C0000032
329,11/06/2025 16:55:46:943.000000,ISO7816,apduresponse,"SW: 910B - Command correctly executed, and 11 byte(s) Proactive Command is available",62308202782183023F00A50C8001618701018304000236688A01058B032F0602C60C90016083010183010A83010B8102FFFF
330,11/06/2025 16:55:46:943.000000,ISO7816,apducommand,SELECT FILE - DF_TELECOM (7F10),00A40004027F10
331,11/06/2025 16:55:46:974.000000,ISO7816,apduresponse,SW: 612F,612F
332,11/06/2025 16:55:46:974.000000,ISO7816,apducommand,GET RESPONSE,00C000002F
333,11/06/2025 16:55:46:975.000000,ISO7816,apduresponse,"SW: 910B - Command correctly executed, and 11 byte(s) Proactive Command is available",622D8202782183027F10A5068304000236688A01058B032F0602C60F9001B083018183010183010A83010B8102FFFF910B
334,11/06/2025 16:55:46:975.000000,ISO7816,apducommand,SELECT FILE -  (5F3A),00A40004025F3A
335,11/06/2025 16:55:46:988.000000,ISO7816,apduresponse,SW: 612F,612F
336,11/06/2025 16:55:46:988.000000,ISO7816,apducommand,GET RESPONSE,00C000002F
337,11/06/2025 16:55:47:004.000000,ISO7816,apduresponse,"SW: 910B - Command correctly executed, and 11 byte(s) Proactive Command is available",622D8202782183025F3AA5068304000236688A01058B036F0602C60F9001B083018183010183010A83010B8102FFFF910B
338,11/06/2025 16:55:47:004.000000,ISO7816,apducommand,SELECT FILE - EF_SAI (4F30),00A40004024F30
339,11/06/2025 16:55:47:019.000000,ISO7816,apduresponse,SW: 6124,6124
340,11/06/2025 16:55:47:020.000000,ISO7816,apducommand,GET RESPONSE,00C0000024
341,11/06/2025 16:55:47:034.000000,ISO7816,apduresponse,"SW: 910B - Command correctly executed, and 11 byte(s) Proactive Command is available",62228205022100500283024F30A503C001008A01058B036F060A800200A0810200B68800910B
342,11/06/2025 16:55:47:034.000000,ISO7816,apducommand,SELECT FILE - MF (3F00),00A40004023F00
343,11/06/2025 16:55:47:049.000000,ISO7816,apduresponse,SW: 6132,6132
344,11/06/2025 16:55:47:050.000000,ISO7816,apducommand,GET RESPONSE,00C0000032
345,11/06/2025 16:55:47:050.000000,ISO7816,apduresponse,"SW: 910B - Command correctly executed, and 11 byte(s) Proactive Command is available",62308202782183023F00A50C8001618701018304000236688A01058B032F0602C60C90016083010183010A83010B8102FFFF
346,11/06/2025 16:55:47:050.000000,ISO7816,apducommand,SELECT FILE -  (A0000000871002F230FF018907020000),00A4040C10A0000000871002F230FF018907020000
347,11/06/2025 16:55:47:110.000000,ISO7816,apduresponse,"SW: 9000 - Normal processing. Command correctly executed, and no response data",9000
348,11/06/2025 16:55:47:125.000000,ISO7816,apducommand,UPDATE BINARY,00D69E00120BF60000000000000000000002F80277EE00
349,11/06/2025 16:55:47:155.000000,ISO7816,apduresponse,"SW: 910B - Command correctly executed, and 11 byte(s) Proactive Command is available",910B
350,11/06/2025 16:55:47:185.000000,ISO7816,apducommand,APDU Command: STATUS,80F2010000
351,11/06/2025 16:55:47:185.000000,ISO7816,apduresponse,APDU Response,6C45
352,11/06/2025 16:55:47:185.000000,ISO7816,apducommand,APDU Command: STATUS,80F2010045
353,11/06/2025 16:55:47:275.000000,ISO7816,apduresponse,APDU Response,6243820278218410A0000000871002F230FF018907020000A50E81030000008201008304000236688A01058B032F0602C60F
354,11/06/2025 16:55:47:290.000000,ISO7816,apducommand,SELECT FILE - EF_SPN (6F46),00A40004026F46
355,11/06/2025 16:55:47:291.000000,ISO7816,apduresponse,SW: 6121,6121
356,11/06/2025 16:55:47:291.000000,ISO7816,apducommand,GET RESPONSE,00C0000021
357,11/06/2025 16:55:47:305.000000,ISO7816,apduresponse,"SW: 910B - Command correctly executed, and 11 byte(s) Proactive Command is available",621F8202412183026F46A503C001008A01058B036F060480020011810200258800910B
358,11/06/2025 16:55:47:320.000000,ISO7816,apducommand,READ BINARY,00B0000011
359,11/06/2025 16:55:47:320.000000,ISO7816,apduresponse,"SW: 910B - Command correctly executed, and 11 byte(s) Proactive Command is available",0042494353FFFFFFFFFFFFFFFFFFFFFFFF910B
360,11/06/2025 16:55:47:320.000000,ISO7816,apducommand,FETCH,801200000B
361,11/06/2025 16:55:47:321.000000,ISO7816,apduresponse,FETCH - PROVIDE LOCAL INFORMATION,D0098103012601820281829000
362,11/06/2025 16:55:47:335.000000,ISO7816,apducommand,SELECT FILE -  (6FC6),00A40004026FC6
363,11/06/2025 16:55:47:337.000000,ISO7816,apduresponse,SW: 6125,6125
364,11/06/2025 16:55:47:337.000000,ISO7816,apducommand,GET RESPONSE,00C0000025
365,11/06/2025 16:55:47:337.000000,ISO7816,apduresponse,"SW: 9000 - Normal processing. Command correctly executed, and no response data",62238205422100081483026FC6A503C001008A01058B036F0604800200A0810200B68801D09000
366,11/06/2025 16:55:47:365.000000,ISO7816,apducommand,READ RECORD,00B201D408
367,11/06/2025 16:55:47:365.000000,ISO7816,apduresponse,"SW: 9000 - Normal processing. Command correctly executed, and no response data",FFFFFFFFFFFFFFFF9000
368,11/06/2025 16:55:47:365.000000,ISO7816,apducommand,READ RECORD,00B2020408
369,11/06/2025 16:55:47:365.000000,ISO7816,apduresponse,"SW: 9000 - Normal processing. Command correctly executed, and no response data",FFFFFFFFFFFFFFFF9000
370,11/06/2025 16:55:47:365.000000,ISO7816,apducommand,TERMINAL RESPONSE - PROVIDE LOCAL INFORMATION,801400001681030126018202828183010094083A65422008001200
371,11/06/2025 16:55:47:441.000000,ISO7816,apduresponse,"SW: 9113 - Command correctly executed, and 19 byte(s) Proactive Command is available",9113
372,11/06/2025 16:55:47:472.000000,ISO7816,apducommand,READ RECORD,00B2030408
373,11/06/2025 16:55:47:472.000000,ISO7816,apduresponse,"SW: 9113 - Command correctly executed, and 19 byte(s) Proactive Command is available",FFFFFFFFFFFFFFFF9113
374,11/06/2025 16:55:47:472.000000,ISO7816,apducommand,UPDATE RECORD,00DC01C464A03480010081201ACD5133E95EF79184F12250E450F6B3EE0E1DD637F00107836C46576E2344B7820400000021
375,11/06/2025 16:55:47:517.000000,ISO7816,apduresponse,"SW: 9113 - Command correctly executed, and 19 byte(s) Proactive Command is available",9113
376,11/06/2025 16:55:47:533.000000,ISO7816,apducommand,READ RECORD,00B204D408
377,11/06/2025 16:55:47:548.000000,ISO7816,apduresponse,"SW: 9113 - Command correctly executed, and 19 byte(s) Proactive Command is available",FFFFFFFFFFFFFFFF9113
378,11/06/2025 16:55:47:548.000000,ISO7816,apducommand,FETCH,8012000013
379,11/06/2025 16:55:47:549.000000,ISO7816,apduresponse,FETCH - TIMER MANAGEMENT,D011810301270082028182A40101A5030010009000
380,11/06/2025 16:55:47:549.000000,ISO7816,apducommand,READ RECORD,00B2050408
381,11/06/2025 16:55:47:549.000000,ISO7816,apduresponse,"SW: 9000 - Normal processing. Command correctly executed, and no response data",FFFFFFFFFFFFFFFF9000
382,11/06/2025 16:55:47:550.000000,ISO7816,apducommand,READ RECORD,00B2060408
383,11/06/2025 16:55:47:550.000000,ISO7816,apduresponse,"SW: 9000 - Normal processing. Command correctly executed, and no response data",FFFFFFFFFFFFFFFF9000
384,11/06/2025 16:55:47:578.000000,ISO7816,apducommand,TERMINAL RESPONSE - TIMER MANAGEMENT,801400000F810301270082028281830100A40101
385,11/06/2025 16:55:47:700.000000,ISO7816,apduresponse,"SW: 9111 - Command correctly executed, and 17 byte(s) Proactive Command is available",9111
386,11/06/2025 16:55:47:701.000000,ISO7816,apducommand,READ RECORD,00B2070408
387,11/06/2025 16:55:47:715.000000,ISO7816,apduresponse,"SW: 9111 - Command correctly executed, and 17 byte(s) Proactive Command is available",FFFFFFFFFFFFFFFF9111
388,11/06/2025 16:55:47:715.000000,ISO7816,apducommand,READ RECORD,00B2080408
389,11/06/2025 16:55:47:715.000000,ISO7816,apduresponse,"SW: 9111 - Command correctly executed, and 17 byte(s) Proactive Command is available",FFFFFFFFFFFFFFFF9111
390,11/06/2025 16:55:47:715.000000,ISO7816,apducommand,FETCH,8012000011
391,11/06/2025 16:55:47:730.000000,ISO7816,apduresponse,FETCH - SET UP EVENT LIST,D00F810301050082028182990403090A129000
392,11/06/2025 16:55:47:730.000000,ISO7816,apducommand,READ RECORD,00B2090408
393,11/06/2025 16:55:47:730.000000,ISO7816,apduresponse,"SW: 9000 - Normal processing. Command correctly executed, and no response data",FFFFFFFFFFFFFFFF9000
394,11/06/2025 16:55:47:730.000000,ISO7816,apducommand,READ RECORD,00B20A0408
395,11/06/2025 16:55:47:730.000000,ISO7816,apduresponse,"SW: 9000 - Normal processing. Command correctly executed, and no response data",FFFFFFFFFFFFFFFF9000
396,11/06/2025 16:55:47:760.000000,ISO7816,apducommand,READ RECORD,00B20B0408
397,11/06/2025 16:55:47:760.000000,ISO7816,apduresponse,"SW: 9000 - Normal processing. Command correctly executed, and no response data",FFFFFFFFFFFFFFFF9000
398,11/06/2025 16:55:47:761.000000,ISO7816,apducommand,TERMINAL RESPONSE - SET UP EVENT LIST,801400000C810301050082028281830100
399,11/06/2025 16:55:47:790.000000,ISO7816,apduresponse,"SW: 910F - Command correctly executed, and 15 byte(s) Proactive Command is available",910F
400,11/06/2025 16:55:47:805.000000,ISO7816,apducommand,READ RECORD,00B20C0408
401,11/06/2025 16:55:47:805.000000,ISO7816,apduresponse,"SW: 910F - Command correctly executed, and 15 byte(s) Proactive Command is available",FFFFFFFFFFFFFFFF910F
402,11/06/2025 16:55:47:805.000000,ISO7816,apducommand,READ RECORD,00B20D0408
403,11/06/2025 16:55:47:820.000000,ISO7816,apduresponse,"SW: 910F - Command correctly executed, and 15 byte(s) Proactive Command is available",FFFFFFFFFFFFFFFF910F
404,11/06/2025 16:55:47:820.000000,ISO7816,apducommand,ENVELOPE Event Download - Location Status,80C200000CD60A190103820282811B0102
405,11/06/2025 16:55:47:910.000000,ISO7816,apduresponse,"SW: 910F - Command correctly executed, and 15 byte(s) Proactive Command is available",910F
406,11/06/2025 16:55:47:940.000000,ISO7816,apducommand,READ RECORD,00B20E0408
407,11/06/2025 16:55:47:940.000000,ISO7816,apduresponse,"SW: 910F - Command correctly executed, and 15 byte(s) Proactive Command is available",FFFFFFFFFFFFFFFF910F
408,11/06/2025 16:55:47:940.000000,ISO7816,apducommand,READ RECORD,00B20F0408
409,11/06/2025 16:55:47:940.000000,ISO7816,apduresponse,"SW: 910F - Command correctly executed, and 15 byte(s) Proactive Command is available",FFFFFFFFFFFFFFFF910F
410,11/06/2025 16:55:47:940.000000,ISO7816,apducommand,FETCH,801200000F
411,11/06/2025 16:55:47:940.000000,ISO7816,apduresponse,FETCH - POLL INTERVAL,D00D8103010300820281828402011E9000
412,11/06/2025 16:55:47:940.000000,ISO7816,apducommand,READ RECORD,00B2100408
413,11/06/2025 16:55:47:941.000000,ISO7816,apduresponse,"SW: 9000 - Normal processing. Command correctly executed, and no response data",FFFFFFFFFFFFFFFF9000
414,11/06/2025 16:55:47:941.000000,ISO7816,apducommand,READ RECORD,00B2110408
415,11/06/2025 16:55:47:955.000000,ISO7816,apduresponse,"SW: 9000 - Normal processing. Command correctly executed, and no response data",FFFFFFFFFFFFFFFF9000
416,11/06/2025 16:55:47:955.000000,ISO7816,apducommand,TERMINAL RESPONSE - POLL INTERVAL,80140000108103010300820282818301008402011E
417,11/06/2025 16:55:47:985.000000,ISO7816,apduresponse,"SW: 9000 - Normal processing. Command correctly executed, and no response data",9000
418,11/06/2025 16:55:47:985.000000,ISO7816,apducommand,READ RECORD,00B2120408
419,11/06/2025 16:55:47:985.000000,ISO7816,apduresponse,"SW: 9000 - Normal processing. Command correctly executed, and no response data",FFFFFFFFFFFFFFFF9000
420,11/06/2025 16:55:47:985.000000,ISO7816,apducommand,READ RECORD,00B2130408
421,11/06/2025 16:55:47:985.000000,ISO7816,apduresponse,"SW: 9000 - Normal processing. Command correctly executed, and no response data",FFFFFFFFFFFFFFFF9000
422,11/06/2025 16:55:48:000.000000,ISO7816,apducommand,READ RECORD,00B2140408
423,11/06/2025 16:55:48:000.000000,ISO7816,apduresponse,"SW: 9000 - Normal processing. Command correctly executed, and no response data",FFFFFFFFFFFFFFFF9000
424,11/06/2025 16:55:48:000.000000,ISO7816,apducommand,SELECT FILE -  (6FC5),00A40004026FC5
425,11/06/2025 16:55:48:016.000000,ISO7816,apduresponse,SW: 6125,6125
426,11/06/2025 16:55:48:017.000000,ISO7816,apducommand,GET RESPONSE,00C0000025
427,11/06/2025 16:55:48:046.000000,ISO7816,apduresponse,"SW: 9000 - Normal processing. Command correctly executed, and no response data",62238205022100220283026FC5A503C001008A01058B036F0604800200448102005A8801C89000
428,11/06/2025 16:55:48:046.000000,ISO7816,apducommand,READ RECORD,00B201CC22
429,11/06/2025 16:55:48:046.000000,ISO7816,apduresponse,"SW: 9000 - Normal processing. Command correctly executed, and no response data",FFFFFFFFFFFFFFFFFFFFFFFFFFFFFFFFFFFFFFFFFFFFFFFFFFFFFFFFFFFFFFFFFFFF9000
430,11/06/2025 16:55:48:061.000000,ISO7816,apducommand,READ RECORD,00B2020422
431,11/06/2025 16:55:48:061.000000,ISO7816,apduresponse,"SW: 9000 - Normal processing. Command correctly executed, and no response data",FFFFFFFFFFFFFFFFFFFFFFFFFFFFFFFFFFFFFFFFFFFFFFFFFFFFFFFFFFFFFFFFFFFF9000
432,11/06/2025 16:55:48:061.000000,ISO7816,apducommand,SELECT FILE - EF_MSISDN (6F40),00A40004026F40
433,11/06/2025 16:55:48:076.000000,ISO7816,apduresponse,SW: 6124,6124
434,11/06/2025 16:55:48:077.000000,ISO7816,apducommand,GET RESPONSE,00C0000024
435,11/06/2025 16:55:48:077.000000,ISO7816,apduresponse,"SW: 9000 - Normal processing. Command correctly executed, and no response data",622282054221001A0283026F40A503C001008A01058B036F0608800200348102004A88009000
436,11/06/2025 16:55:48:091.000000,ISO7816,apducommand,READ RECORD,00B201041A
437,11/06/2025 16:55:48:106.000000,ISO7816,apduresponse,"SW: 9000 - Normal processing. Command correctly executed, and no response data",FFFFFFFFFFFFFFFFFFFFFFFFFFFFFFFFFFFFFFFFFFFFFFFFFFFF9000
438,11/06/2025 16:55:48:106.000000,ISO7816,apducommand,SELECT FILE - EF_SMS (6F3C),00A40004026F3C
439,11/06/2025 16:55:48:121.000000,ISO7816,apduresponse,SW: 6124,6124
440,11/06/2025 16:55:48:121.000000,ISO7816,apducommand,GET RESPONSE,00C0000024
441,11/06/2025 16:55:48:121.000000,ISO7816,apduresponse,"SW: 9000 - Normal processing. Command correctly executed, and no response data",62228205422100B01483026F3CA503C001008A01058B036F060880020DC081020DD688009000
442,11/06/2025 16:55:48:151.000000,ISO7816,apducommand,READ RECORD,00B20104B0
443,11/06/2025 16:55:48:151.000000,ISO7816,apduresponse,"SW: 9000 - Normal processing. Command correctly executed, and no response data",00FFFFFFFFFFFFFFFFFFFFFFFFFFFFFFFFFFFFFFFFFFFFFFFFFFFFFFFFFFFFFFFFFFFFFFFFFFFFFFFFFFFFFFFFFFFFFFFFFF
444,11/06/2025 16:55:48:152.000000,ISO7816,apducommand,READ RECORD,00B20204B0
445,11/06/2025 16:55:48:152.000000,ISO7816,apduresponse,"SW: 9000 - Normal processing. Command correctly executed, and no response data",00FFFFFFFFFFFFFFFFFFFFFFFFFFFFFFFFFFFFFFFFFFFFFFFFFFFFFFFFFFFFFFFFFFFFFFFFFFFFFFFFFFFFFFFFFFFFFFFFFF
446,11/06/2025 16:55:48:166.000000,ISO7816,apducommand,READ RECORD,00B20304B0
447,11/06/2025 16:55:48:166.000000,ISO7816,apduresponse,"SW: 9000 - Normal processing. Command correctly executed, and no response data",00FFFFFFFFFFFFFFFFFFFFFFFFFFFFFFFFFFFFFFFFFFFFFFFFFFFFFFFFFFFFFFFFFFFFFFFFFFFFFFFFFFFFFFFFFFFFFFFFFF
448,11/06/2025 16:55:48:166.000000,ISO7816,apducommand,READ RECORD,00B20404B0
449,11/06/2025 16:55:48:181.000000,ISO7816,apduresponse,"SW: 9000 - Normal processing. Command correctly executed, and no response data",00FFFFFFFFFFFFFFFFFFFFFFFFFFFFFFFFFFFFFFFFFFFFFFFFFFFFFFFFFFFFFFFFFFFFFFFFFFFFFFFFFFFFFFFFFFFFFFFFFF
450,11/06/2025 16:55:48:181.000000,ISO7816,apducommand,READ RECORD,00B20504B0
451,11/06/2025 16:55:48:182.000000,ISO7816,apduresponse,"SW: 9000 - Normal processing. Command correctly executed, and no response data",00FFFFFFFFFFFFFFFFFFFFFFFFFFFFFFFFFFFFFFFFFFFFFFFFFFFFFFFFFFFFFFFFFFFFFFFFFFFFFFFFFFFFFFFFFFFFFFFFFF
452,11/06/2025 16:55:48:197.000000,ISO7816,apducommand,READ RECORD,00B20604B0
453,11/06/2025 16:55:48:197.000000,ISO7816,apduresponse,"SW: 9000 - Normal processing. Command correctly executed, and no response data",00FFFFFFFFFFFFFFFFFFFFFFFFFFFFFFFFFFFFFFFFFFFFFFFFFFFFFFFFFFFFFFFFFFFFFFFFFFFFFFFFFFFFFFFFFFFFFFFFFF
454,11/06/2025 16:55:48:197.000000,ISO7816,apducommand,READ RECORD,00B20704B0
455,11/06/2025 16:55:48:212.000000,ISO7816,apduresponse,"SW: 9000 - Normal processing. Command correctly executed, and no response data",00FFFFFFFFFFFFFFFFFFFFFFFFFFFFFFFFFFFFFFFFFFFFFFFFFFFFFFFFFFFFFFFFFFFFFFFFFFFFFFFFFFFFFFFFFFFFFFFFFF
456,11/06/2025 16:55:48:212.000000,ISO7816,apducommand,READ RECORD,00B20804B0
457,11/06/2025 16:55:48:212.000000,ISO7816,apduresponse,"SW: 9000 - Normal processing. Command correctly executed, and no response data",00FFFFFFFFFFFFFFFFFFFFFFFFFFFFFFFFFFFFFFFFFFFFFFFFFFFFFFFFFFFFFFFFFFFFFFFFFFFFFFFFFFFFFFFFFFFFFFFFFF
458,11/06/2025 16:55:48:226.000000,ISO7816,apducommand,READ RECORD,00B20904B0
459,11/06/2025 16:55:48:226.000000,ISO7816,apduresponse,"SW: 9000 - Normal processing. Command correctly executed, and no response data",00FFFFFFFFFFFFFFFFFFFFFFFFFFFFFFFFFFFFFFFFFFFFFFFFFFFFFFFFFFFFFFFFFFFFFFFFFFFFFFFFFFFFFFFFFFFFFFFFFF
460,11/06/2025 16:55:48:226.000000,ISO7816,apducommand,READ RECORD,00B20A04B0
461,11/06/2025 16:55:48:257.000000,ISO7816,apduresponse,"SW: 9000 - Normal processing. Command correctly executed, and no response data",00FFFFFFFFFFFFFFFFFFFFFFFFFFFFFFFFFFFFFFFFFFFFFFFFFFFFFFFFFFFFFFFFFFFFFFFFFFFFFFFFFFFFFFFFFFFFFFFFFF
462,11/06/2025 16:55:48:257.000000,ISO7816,apducommand,READ RECORD,00B20B04B0
463,11/06/2025 16:55:48:257.000000,ISO7816,apduresponse,"SW: 9000 - Normal processing. Command correctly executed, and no response data",00FFFFFFFFFFFFFFFFFFFFFFFFFFFFFFFFFFFFFFFFFFFFFFFFFFFFFFFFFFFFFFFFFFFFFFFFFFFFFFFFFFFFFFFFFFFFFFFFFF
464,11/06/2025 16:55:48:257.000000,ISO7816,apducommand,READ RECORD,00B20C04B0
465,11/06/2025 16:55:48:257.000000,ISO7816,apduresponse,"SW: 9000 - Normal processing. Command correctly executed, and no response data",00FFFFFFFFFFFFFFFFFFFFFFFFFFFFFFFFFFFFFFFFFFFFFFFFFFFFFFFFFFFFFFFFFFFFFFFFFFFFFFFFFFFFFFFFFFFFFFFFFF
466,11/06/2025 16:55:48:257.000000,ISO7816,apducommand,READ RECORD,00B20D04B0
467,11/06/2025 16:55:48:258.000000,ISO7816,apduresponse,"SW: 9000 - Normal processing. Command correctly executed, and no response data",00FFFFFFFFFFFFFFFFFFFFFFFFFFFFFFFFFFFFFFFFFFFFFFFFFFFFFFFFFFFFFFFFFFFFFFFFFFFFFFFFFFFFFFFFFFFFFFFFFF
468,11/06/2025 16:55:48:273.000000,ISO7816,apducommand,READ RECORD,00B20E04B0
469,11/06/2025 16:55:48:273.000000,ISO7816,apduresponse,"SW: 9000 - Normal processing. Command correctly executed, and no response data",00FFFFFFFFFFFFFFFFFFFFFFFFFFFFFFFFFFFFFFFFFFFFFFFFFFFFFFFFFFFFFFFFFFFFFFFFFFFFFFFFFFFFFFFFFFFFFFFFFF
470,11/06/2025 16:55:48:273.000000,ISO7816,apducommand,READ RECORD,00B20F04B0
471,11/06/2025 16:55:48:288.000000,ISO7816,apduresponse,"SW: 9000 - Normal processing. Command correctly executed, and no response data",00FFFFFFFFFFFFFFFFFFFFFFFFFFFFFFFFFFFFFFFFFFFFFFFFFFFFFFFFFFFFFFFFFFFFFFFFFFFFFFFFFFFFFFFFFFFFFFFFFF
472,11/06/2025 16:55:48:288.000000,ISO7816,apducommand,READ RECORD,00B21004B0
473,11/06/2025 16:55:48:288.000000,ISO7816,apduresponse,"SW: 9000 - Normal processing. Command correctly executed, and no response data",00FFFFFFFFFFFFFFFFFFFFFFFFFFFFFFFFFFFFFFFFFFFFFFFFFFFFFFFFFFFFFFFFFFFFFFFFFFFFFFFFFFFFFFFFFFFFFFFFFF
474,11/06/2025 16:55:48:303.000000,ISO7816,apducommand,READ RECORD,00B21104B0
475,11/06/2025 16:55:48:303.000000,ISO7816,apduresponse,"SW: 9000 - Normal processing. Command correctly executed, and no response data",00FFFFFFFFFFFFFFFFFFFFFFFFFFFFFFFFFFFFFFFFFFFFFFFFFFFFFFFFFFFFFFFFFFFFFFFFFFFFFFFFFFFFFFFFFFFFFFFFFF
476,11/06/2025 16:55:48:303.000000,ISO7816,apducommand,READ RECORD,00B21204B0
477,11/06/2025 16:55:48:318.000000,ISO7816,apduresponse,"SW: 9000 - Normal processing. Command correctly executed, and no response data",00FFFFFFFFFFFFFFFFFFFFFFFFFFFFFFFFFFFFFFFFFFFFFFFFFFFFFFFFFFFFFFFFFFFFFFFFFFFFFFFFFFFFFFFFFFFFFFFFFF
478,11/06/2025 16:55:48:318.000000,ISO7816,apducommand,READ RECORD,00B21304B0
479,11/06/2025 16:55:48:318.000000,ISO7816,apduresponse,"SW: 9000 - Normal processing. Command correctly executed, and no response data",00FFFFFFFFFFFFFFFFFFFFFFFFFFFFFFFFFFFFFFFFFFFFFFFFFFFFFFFFFFFFFFFFFFFFFFFFFFFFFFFFFFFFFFFFFFFFFFFFFF
480,11/06/2025 16:55:48:333.000000,ISO7816,apducommand,READ RECORD,00B21404B0
481,11/06/2025 16:55:48:333.000000,ISO7816,apduresponse,"SW: 9000 - Normal processing. Command correctly executed, and no response data",00FFFFFFFFFFFFFFFFFFFFFFFFFFFFFFFFFFFFFFFFFFFFFFFFFFFFFFFFFFFFFFFFFFFFFFFFFFFFFFFFFFFFFFFFFFFFFFFFFF
482,11/06/2025 16:55:48:363.000000,ISO7816,apducommand,SELECT FILE - MF (3F00),00A40004023F00
483,11/06/2025 16:55:48:363.000000,ISO7816,apduresponse,SW: 6132,6132
484,11/06/2025 16:55:48:364.000000,ISO7816,apducommand,GET RESPONSE,00C0000032
485,11/06/2025 16:55:48:364.000000,ISO7816,apduresponse,"SW: 9000 - Normal processing. Command correctly executed, and no response data",62308202782183023F00A50C8001618701018304000236688A01058B032F0602C60C90016083010183010A83010B8102FFFF
486,11/06/2025 16:55:48:378.000000,ISO7816,apducommand,READ BINARY,00B0880005
487,11/06/2025 16:55:48:393.000000,ISO7816,apduresponse,"SW: 9000 - Normal processing. Command correctly executed, and no response data",0AFF0200009000
488,11/06/2025 16:55:48:393.000000,ISO7816,apducommand,SELECT FILE -  (7F66),00A40004027F66
489,11/06/2025 16:55:48:394.000000,ISO7816,apduresponse,SW: 6A82,6A82
490,11/06/2025 16:55:48:408.000000,ISO7816,apducommand,SELECT FILE -  (7F66),00A40004027F66
491,11/06/2025 16:55:48:409.000000,ISO7816,apduresponse,SW: 6A82,6A82
492,11/06/2025 16:55:48:424.000000,ISO7816,apducommand,SELECT FILE -  (7F66),00A40004027F66
493,11/06/2025 16:55:48:425.000000,ISO7816,apduresponse,SW: 6A82,6A82
494,11/06/2025 16:55:48:425.000000,ISO7816,apducommand,SELECT FILE -  (7F66),00A40004027F66
495,11/06/2025 16:55:48:426.000000,ISO7816,apduresponse,SW: 6A82,6A82
496,11/06/2025 16:55:48:439.000000,ISO7816,apducommand,SELECT FILE -  (7F66),00A40004027F66
497,11/06/2025 16:55:48:440.000000,ISO7816,apduresponse,SW: 6A82,6A82
498,11/06/2025 16:55:48:469.000000,ISO7816,apducommand,SELECT FILE -  (7F66),00A40004027F66
499,11/06/2025 16:55:48:469.000000,ISO7816,apduresponse,SW: 6A82,6A82
500,11/06/2025 16:55:56:739.000000,ISO7816,apducommand,SELECT FILE -  (A0000000871002F230FF018907020000),00A4040C10A0000000871002F230FF018907020000
501,11/06/2025 16:55:56:784.000000,ISO7816,apduresponse,"SW: 9000 - Normal processing. Command correctly executed, and no response data",9000
502,11/06/2025 16:55:56:799.000000,ISO7816,apducommand,UPDATE BINARY,00D69E00120BF6FFFFFFFFFFFFFFFFFFFFFFFFFFFFFE01
503,11/06/2025 16:55:56:830.000000,ISO7816,apduresponse,"SW: 9000 - Normal processing. Command correctly executed, and no response data",9000
504,11/06/2025 16:55:56:844.000000,ISO7816,apducommand,UPDATE BINARY,00D68B000BFFFFFFFFFFFFFF0000FF07
505,11/06/2025 16:55:56:875.000000,ISO7816,apduresponse,"SW: 9000 - Normal processing. Command correctly executed, and no response data",9000
506,11/06/2025 16:55:57:420.000000,ISO7816,apducommand,INTERNAL AUTHENTICATE,008800812210D25C5E1D61B5632DC8EEFF45B649A3AC1041A7F4EA04FE80007DC04EA4EC40FFC1
507,11/06/2025 16:55:57:481.000000,ISO7816,apduresponse,SW: 6135,6135
508,11/06/2025 16:55:57:481.000000,ISO7816,apducommand,GET RESPONSE,00C0000035
509,11/06/2025 16:55:57:481.000000,ISO7816,apduresponse,"SW: 9000 - Normal processing. Command correctly executed, and no response data",DB08DDD2199B7BFF45D81092C5412A40BF3CE9580E313A978CAB4B10E46E2948B3DAC6C9FBC177FBFC19F7D308D5642EA398
510,11/06/2025 16:56:00:243.000000,ISO7816,apducommand,UPDATE BINARY,00D69E00120BF602F80180E990C10920EC02F801C29D00
511,11/06/2025 16:56:00:259.000000,ISO7816,apduresponse,"SW: 9000 - Normal processing. Command correctly executed, and no response data",9000
512,11/06/2025 16:56:00:274.000000,ISO7816,apducommand,UPDATE BINARY,00D68B000B0A2E8B5702F8016BAFFF00
513,11/06/2025 16:56:00:289.000000,ISO7816,apduresponse,"SW: 9000 - Normal processing. Command correctly executed, and no response data",9000
514,11/06/2025 16:56:00:304.000000,ISO7816,apducommand,ENVELOPE Event Download - Location Status,80C2000017D615190103820282811B0100130902F801C29D9B89C08F
515,11/06/2025 16:56:00:411.000000,ISO7816,apduresponse,"SW: 9000 - Normal processing. Command correctly executed, and no response data",9000
516,11/06/2025 16:56:29:922.000000,ISO7816,apducommand,APDU Command: STATUS,80F2000000
517,11/06/2025 16:56:29:922.000000,ISO7816,apduresponse,APDU Response,6C45
518,11/06/2025 16:56:29:923.000000,ISO7816,apducommand,APDU Command: STATUS,80F2000045
519,11/06/2025 16:56:30:028.000000,ISO7816,apduresponse,APDU Response,6243820278218410A0000000871002F230FF018907020000A50E81030000008201008304000236688A01058B032F0602C60F
520,11/06/2025 16:56:47:551.000000,ISO7816,apducommand,ENVELOPE Timer Expiration,80C200000ED70C82028281A40101A503001000
521,11/06/2025 16:56:47:642.000000,ISO7816,apduresponse,"SW: 9113 - Command correctly executed, and 19 byte(s) Proactive Command is available",9113
522,11/06/2025 16:56:47:643.000000,ISO7816,apducommand,FETCH,8012000013
523,11/06/2025 16:56:47:643.000000,ISO7816,apduresponse,FETCH - TIMER MANAGEMENT,D011810301270082028182A40101A5030010009000
524,11/06/2025 16:56:47:644.000000,ISO7816,apducommand,TERMINAL RESPONSE - TIMER MANAGEMENT,801400000F810301270082028281830100A40101
525,11/06/2025 16:56:47:680.000000,ISO7816,apduresponse,"SW: 9000 - Normal processing. Command correctly executed, and no response data",9000
526,11/06/2025 16:57:17:194.000000,ISO7816,apducommand,APDU Command: STATUS,80F2000000
527,11/06/2025 16:57:17:195.000000,ISO7816,apduresponse,APDU Response,6C45
528,11/06/2025 16:57:17:195.000000,ISO7816,apducommand,APDU Command: STATUS,80F2000045
529,11/06/2025 16:57:17:287.000000,ISO7816,apduresponse,APDU Response,6243820278218410A0000000871002F230FF018907020000A50E81030000008201008304000236688A01058B032F0602C60F
530,11/06/2025 16:57:46:797.000000,ISO7816,apducommand,APDU Command: STATUS,80F2000000
531,11/06/2025 16:57:46:797.000000,ISO7816,apduresponse,APDU Response,6C45
532,11/06/2025 16:57:46:797.000000,ISO7816,apducommand,APDU Command: STATUS,80F2000045
533,11/06/2025 16:57:46:888.000000,ISO7816,apduresponse,APDU Response,6243820278218410A0000000871002F230FF018907020000A50E81030000008201008304000236688A01058B032F0602C60F
534,11/06/2025 16:57:47:644.000000,ISO7816,apducommand,ENVELOPE Timer Expiration,80C200000ED70C82028281A40101A503001000
535,11/06/2025 16:57:47:721.000000,ISO7816,apduresponse,"SW: 9113 - Command correctly executed, and 19 byte(s) Proactive Command is available",9113
536,11/06/2025 16:57:47:722.000000,ISO7816,apducommand,FETCH,8012000013
537,11/06/2025 16:57:47:722.000000,ISO7816,apduresponse,FETCH - TIMER MANAGEMENT,D011810301270082028182A40101A5030010009000
538,11/06/2025 16:57:47:736.000000,ISO7816,apducommand,TERMINAL RESPONSE - TIMER MANAGEMENT,801400000F810301270082028281830100A40101
539,11/06/2025 16:57:47:766.000000,ISO7816,apduresponse,"SW: 9000 - Normal processing. Command correctly executed, and no response data",9000
540,11/06/2025 16:58:17:278.000000,ISO7816,apducommand,APDU Command: STATUS,80F2000000
541,11/06/2025 16:58:17:279.000000,ISO7816,apduresponse,APDU Response,6C45
542,11/06/2025 16:58:17:279.000000,ISO7816,apducommand,APDU Command: STATUS,80F2000045
543,11/06/2025 16:58:17:627.000000,ISO7816,apduresponse,APDU Response,6243820278218410A0000000871002F230FF018907020000A50E81030000008201008304000236688A01058B032F0602C60F
544,11/06/2025 16:58:17:627.000000,ISO7816,apducommand,FETCH,8012000014
545,11/06/2025 16:58:17:628.000000,ISO7816,apduresponse,FETCH - OPEN CHANNEL,D0128103014009820281820500350103390205789000
546,11/06/2025 16:58:17:628.000000,ISO7816,apducommand,TERMINAL RESPONSE - OPEN CHANNEL,8014000025810301400982028281830100B802810035010339020578C0052108080808C0052108080404
547,11/06/2025 16:58:17:703.000000,ISO7816,apduresponse,"SW: 910D - Command correctly executed, and 13 byte(s) Proactive Command is available",910D
548,11/06/2025 16:58:17:704.000000,ISO7816,apducommand,FETCH,801200000D
549,11/06/2025 16:58:17:704.000000,ISO7816,apduresponse,FETCH - CLOSE CHANNEL,D00B81030141018202812105009000
550,11/06/2025 16:58:17:705.000000,ISO7816,apducommand,TERMINAL RESPONSE - CLOSE CHANNEL,801400000C810301410182028281830100
551,11/06/2025 16:58:17:794.000000,ISO7816,apduresponse,"SW: 9120 - Command correctly executed, and 32 byte(s) Proactive Command is available",9120
552,11/06/2025 16:58:17:794.000000,ISO7816,apducommand,FETCH,8012000020
553,11/06/2025 16:58:17:808.000000,ISO7816,apduresponse,FETCH - OPEN CHANNEL,D01E8103014003820281820500350103390205783C030100353E0521080808089000
554,11/06/2025 16:58:17:809.000000,ISO7816,apducommand,TERMINAL RESPONSE - OPEN CHANNEL,8014000017810301400382028281830100B802810035010339020578
555,11/06/2025 16:58:17:884.000000,ISO7816,apduresponse,"SW: 9143 - Command correctly executed, and 67 byte(s) Proactive Command is available",9143
556,11/06/2025 16:58:17:884.000000,ISO7816,apducommand,FETCH,8012000043
557,11/06/2025 16:58:17:884.000000,ISO7816,apduresponse,FETCH - SEND DATA,D041810301430182028121050036340205010000010000000000000C65696D2D64656D6F2D6C6162026575037461630B7468
558,11/06/2025 16:58:17:884.000000,ISO7816,apducommand,TERMINAL RESPONSE - SEND DATA,801400000F810301430182028281830100B701FF
559,11/06/2025 16:58:17:930.000000,ISO7816,apduresponse,"SW: 9000 - Normal processing. Command correctly executed, and no response data",9000
560,11/06/2025 16:58:18:716.000000,ISO7816,apducommand,ENVELOPE Event Download - Data Available,80C2000010D60E99010982028281B8028100B701DF
561,11/06/2025 16:58:18:790.000000,ISO7816,apduresponse,"SW: 9110 - Command correctly executed, and 16 byte(s) Proactive Command is available",9110
562,11/06/2025 16:58:18:791.000000,ISO7816,apducommand,FETCH,8012000010
563,11/06/2025 16:58:18:791.000000,ISO7816,apduresponse,FETCH - RECEIVE DATA,D00E8103014200820281210500B701DF9000
564,11/06/2025 16:58:18:792.000000,ISO7816,apducommand,TERMINAL RESPONSE - RECEIVE DATA,80140000F1810301420082028281830100B681DF0205818000010001000100000C65696D2D64656D6F2D6C61620265750374
565,11/06/2025 16:58:18:866.000000,ISO7816,apduresponse,"SW: 9143 - Command correctly executed, and 67 byte(s) Proactive Command is available",9143
566,11/06/2025 16:58:18:866.000000,ISO7816,apducommand,FETCH,8012000043
567,11/06/2025 16:58:18:866.000000,ISO7816,apduresponse,FETCH - SEND DATA,D041810301430182028121050036340206010000010000000000000C65696D2D64656D6F2D6C6162026575037461630B7468
568,11/06/2025 16:58:18:867.000000,ISO7816,apducommand,TERMINAL RESPONSE - SEND DATA,801400000F810301430182028281830100B701FF
569,11/06/2025 16:58:18:910.000000,ISO7816,apduresponse,"SW: 9000 - Normal processing. Command correctly executed, and no response data",9000
570,11/06/2025 16:58:19:018.000000,ISO7816,apducommand,ENVELOPE Event Download - Data Available,80C2000010D60E99010982028281B8028100B701BD
571,11/06/2025 16:58:19:093.000000,ISO7816,apduresponse,"SW: 9110 - Command correctly executed, and 16 byte(s) Proactive Command is available",9110
572,11/06/2025 16:58:19:093.000000,ISO7816,apducommand,FETCH,8012000010
573,11/06/2025 16:58:19:093.000000,ISO7816,apduresponse,FETCH - RECEIVE DATA,D00E8103014200820281210500B701BD9000
574,11/06/2025 16:58:19:094.000000,ISO7816,apducommand,TERMINAL RESPONSE - RECEIVE DATA,80140000CF810301420082028281830100B681BD0206818000010004000000000C65696D2D64656D6F2D6C61620265750374
575,11/06/2025 16:58:19:183.000000,ISO7816,apduresponse,"SW: 910D - Command correctly executed, and 13 byte(s) Proactive Command is available",910D
576,11/06/2025 16:58:19:184.000000,ISO7816,apducommand,FETCH,801200000D
577,11/06/2025 16:58:19:184.000000,ISO7816,apduresponse,FETCH - CLOSE CHANNEL,D00B81030141018202812105009000
578,11/06/2025 16:58:19:213.000000,ISO7816,apducommand,TERMINAL RESPONSE - CLOSE CHANNEL,801400000C810301410182028281830100
579,11/06/2025 16:58:19:349.000000,ISO7816,apduresponse,"SW: 9120 - Command correctly executed, and 32 byte(s) Proactive Command is available",9120
580,11/06/2025 16:58:19:350.000000,ISO7816,apducommand,FETCH,8012000020
581,11/06/2025 16:58:19:350.000000,ISO7816,apduresponse,FETCH - OPEN CHANNEL,D01E8103014003820281820500350103390205783C030201BB3E0521342F28989000
582,11/06/2025 16:58:19:439.000000,ISO7816,apducommand,TERMINAL RESPONSE - OPEN CHANNEL,8014000017810301400382028281830100B802810035010339020578
583,11/06/2025 16:58:19:588.000000,ISO7816,apduresponse,"SW: 9191 - Command correctly executed, and 145 byte(s) Proactive Command is available",9191
584,11/06/2025 16:58:19:588.000000,ISO7816,apducommand,FETCH,8012000091
585,11/06/2025 16:58:19:588.000000,ISO7816,apduresponse,FETCH - SEND DATA,D0818E8103014301820281210500368180160303007B010000770303DADE3A15095AC55285C2C30B6ABB02FBDF4E35F573B9
586,11/06/2025 16:58:20:010.000000,ISO7816,apducommand,TERMINAL RESPONSE - SEND DATA,801400000F810301430182028281830100B701FF
587,11/06/2025 16:58:20:040.000000,ISO7816,apduresponse,"SW: 9000 - Normal processing. Command correctly executed, and no response data",9000
588,11/06/2025 16:58:20:449.000000,ISO7816,apducommand,ENVELOPE Event Download - Data Available,80C2000010D60E99010982028281B8028100B701FF
589,11/06/2025 16:58:20:510.000000,ISO7816,apduresponse,"SW: 9110 - Command correctly executed, and 16 byte(s) Proactive Command is available",9110
590,11/06/2025 16:58:20:525.000000,ISO7816,apducommand,FETCH,8012000010
591,11/06/2025 16:58:20:525.000000,ISO7816,apduresponse,FETCH - RECEIVE DATA,D00E8103014200820281210500B701ED9000
592,11/06/2025 16:58:20:525.000000,ISO7816,apducommand,TERMINAL RESPONSE - RECEIVE DATA,80140000FF810301420082028281830100B681ED160303005D0200005903035288712002D006BA7CAA6023562EBECB421716
593,11/06/2025 16:58:20:602.000000,ISO7816,apduresponse,"SW: 9110 - Command correctly executed, and 16 byte(s) Proactive Command is available",9110
594,11/06/2025 16:58:20:602.000000,ISO7816,apducommand,FETCH,8012000010
595,11/06/2025 16:58:20:602.000000,ISO7816,apduresponse,FETCH - RECEIVE DATA,D00E8103014200820281210500B701ED9000
596,11/06/2025 16:58:20:616.000000,ISO7816,apducommand,TERMINAL RESPONSE - RECEIVE DATA,80140000FF810301420082028281830100B681ED75727331133011060355040A0C0A5468616C657320444953312430220603
597,11/06/2025 16:58:20:662.000000,ISO7816,apduresponse,"SW: 9110 - Command correctly executed, and 16 byte(s) Proactive Command is available",9110
598,11/06/2025 16:58:20:662.000000,ISO7816,apducommand,FETCH,8012000010
599,11/06/2025 16:58:20:662.000000,ISO7816,apduresponse,FETCH - RECEIVE DATA,D00E8103014200820281210500B701ED9000
600,11/06/2025 16:58:20:662.000000,ISO7816,apducommand,TERMINAL RESPONSE - RECEIVE DATA,80140000FF810301420082028281830100B681EDCA31098622E6D8A9D56E5762D2828077F5DD6FF1CA255A78CDC9DCE3C862
601,11/06/2025 16:58:20:783.000000,ISO7816,apduresponse,"SW: 9110 - Command correctly executed, and 16 byte(s) Proactive Command is available",9110
602,11/06/2025 16:58:20:813.000000,ISO7816,apducommand,FETCH,8012000010
603,11/06/2025 16:58:20:813.000000,ISO7816,apduresponse,FETCH - RECEIVE DATA,D00E8103014200820281210500B701ED9000
604,11/06/2025 16:58:20:813.000000,ISO7816,apducommand,TERMINAL RESPONSE - RECEIVE DATA,80140000FF810301420082028281830100B681ED1F044A30483046A044A0428640687474703A2F2F63726C2D62706B692E67
605,11/06/2025 16:58:20:843.000000,ISO7816,apduresponse,"SW: 9110 - Command correctly executed, and 16 byte(s) Proactive Command is available",9110
606,11/06/2025 16:58:20:843.000000,ISO7816,apducommand,FETCH,8012000010
607,11/06/2025 16:58:20:843.000000,ISO7816,apduresponse,FETCH - RECEIVE DATA,D00E8103014200820281210500B701ED9000
608,11/06/2025 16:58:20:858.000000,ISO7816,apducommand,TERMINAL RESPONSE - RECEIVE DATA,80140000FF810301420082028281830100B681ED652E6175746F6D6174696F6E407468616C657367726F75702E636F6D310B
609,11/06/2025 16:58:20:993.000000,ISO7816,apduresponse,"SW: 9110 - Command correctly executed, and 16 byte(s) Proactive Command is available",9110
610,11/06/2025 16:58:20:993.000000,ISO7816,apducommand,FETCH,8012000010
611,11/06/2025 16:58:20:993.000000,ISO7816,apduresponse,FETCH - RECEIVE DATA,D00E8103014200820281210500B701CB9000
612,11/06/2025 16:58:21:008.000000,ISO7816,apducommand,TERMINAL RESPONSE - RECEIVE DATA,80140000DD810301420082028281830100B681CB133011060355040A0C0A5468616C6573204449533124302206035504030C
613,11/06/2025 16:58:21:054.000000,ISO7816,apduresponse,"SW: 9000 - Normal processing. Command correctly executed, and no response data",9000
614,11/06/2025 16:58:21:069.000000,ISO7816,apducommand,ENVELOPE Event Download - Data Available,80C2000010D60E99010982028281B8028100B701FF
615,11/06/2025 16:58:21:145.000000,ISO7816,apduresponse,"SW: 9110 - Command correctly executed, and 16 byte(s) Proactive Command is available",9110
616,11/06/2025 16:58:21:146.000000,ISO7816,apducommand,FETCH,8012000010
617,11/06/2025 16:58:21:146.000000,ISO7816,apduresponse,FETCH - RECEIVE DATA,D00E8103014200820281210500B701ED9000
618,11/06/2025 16:58:21:146.000000,ISO7816,apducommand,TERMINAL RESPONSE - RECEIVE DATA,80140000FF810301420082028281830100B681EDB118301F0603551D23041830168014D9C7132310F114CDA9F7E27DE16668
619,11/06/2025 16:58:21:205.000000,ISO7816,apduresponse,"SW: 9110 - Command correctly executed, and 16 byte(s) Proactive Command is available",9110
620,11/06/2025 16:58:21:206.000000,ISO7816,apducommand,FETCH,8012000010
621,11/06/2025 16:58:21:206.000000,ISO7816,apduresponse,FETCH - RECEIVE DATA,D00E8103014200820281210500B701E59000
622,11/06/2025 16:58:21:207.000000,ISO7816,apducommand,TERMINAL RESPONSE - RECEIVE DATA,80140000F7810301420082028281830100B681E5CE207DBDD9A048717DA221DF650A3B2E88C643A7B78C62BF160303002612
623,11/06/2025 16:58:22:035.000000,ISO7816,apduresponse,"SW: 918E - Command correctly executed, and 142 byte(s) Proactive Command is available",918E
624,11/06/2025 16:58:22:036.000000,ISO7816,apducommand,FETCH,801200008E
625,11/06/2025 16:58:22:050.000000,ISO7816,apduresponse,FETCH - SEND DATA,D0818B8103014301820281210500367E1603030046100000424104A1D9873000F85B7DA47F6E3EE6BD23C345B3B27300E467
626,11/06/2025 16:58:22:641.000000,ISO7816,apducommand,TERMINAL RESPONSE - SEND DATA,801400000F810301430182028281830100B701FF
627,11/06/2025 16:58:22:687.000000,ISO7816,apduresponse,"SW: 9000 - Normal processing. Command correctly executed, and no response data",9000
628,11/06/2025 16:58:22:748.000000,ISO7816,apducommand,ENVELOPE Event Download - Data Available,80C2000010D60E99010982028281B8028100B70133
629,11/06/2025 16:58:22:809.000000,ISO7816,apduresponse,"SW: 9110 - Command correctly executed, and 16 byte(s) Proactive Command is available",9110
630,11/06/2025 16:58:22:809.000000,ISO7816,apducommand,FETCH,8012000010
631,11/06/2025 16:58:22:809.000000,ISO7816,apduresponse,FETCH - RECEIVE DATA,D00E8103014200820281210500B701339000
632,11/06/2025 16:58:22:824.000000,ISO7816,apducommand,TERMINAL RESPONSE - RECEIVE DATA,8014000044810301420082028281830100B633140303000101160303002802363BCDF4E1AB8AF277B5447549B879A2989142
633,11/06/2025 16:58:22:946.000000,ISO7816,apduresponse,"SW: 91CF - Command correctly executed, and 207 byte(s) Proactive Command is available",91CF
634,11/06/2025 16:58:22:946.000000,ISO7816,apducommand,FETCH,80120000CF
635,11/06/2025 16:58:22:961.000000,ISO7816,apduresponse,FETCH - SEND DATA,D081CC81030143008202812105003681BE17030300B985DB6466DDA15FE48A4F6490E45AD1174062FB67AF7E188ECA97E4EA
636,11/06/2025 16:58:22:961.000000,ISO7816,apducommand,TERMINAL RESPONSE - SEND DATA,801400000F810301430082028281830100B701FF
637,11/06/2025 16:58:23:643.000000,ISO7816,apduresponse,"SW: 91F6 - Command correctly executed, and 246 byte(s) Proactive Command is available",91F6
638,11/06/2025 16:58:23:644.000000,ISO7816,apducommand,FETCH,80120000F6
639,11/06/2025 16:58:23:644.000000,ISO7816,apduresponse,FETCH - SEND DATA,D081F381030143008202812105003681E517030300E0E7A63D3D112B5D26A6599D3D58AFF0F09EA054383168A7C928EF1577
640,11/06/2025 16:58:23:644.000000,ISO7816,apducommand,TERMINAL RESPONSE - SEND DATA,801400000F810301430082028281830100B701FF
641,11/06/2025 16:58:23:736.000000,ISO7816,apduresponse,"SW: 91F6 - Command correctly executed, and 246 byte(s) Proactive Command is available",91F6
642,11/06/2025 16:58:23:736.000000,ISO7816,apducommand,FETCH,80120000F6
643,11/06/2025 16:58:23:750.000000,ISO7816,apduresponse,FETCH - SEND DATA,D081F381030143008202812105003681E517030300E05754225E202EDA17256BAD6966BFC9F8C9A2CB6C06D73158D7ECC9FD
644,11/06/2025 16:58:23:751.000000,ISO7816,apducommand,TERMINAL RESPONSE - SEND DATA,801400000F810301430082028281830100B701FF
645,11/06/2025 16:58:23:825.000000,ISO7816,apduresponse,"SW: 917E - Command correctly executed, and 126 byte(s) Proactive Command is available",917E
646,11/06/2025 16:58:23:826.000000,ISO7816,apducommand,FETCH,801200007E
647,11/06/2025 16:58:23:826.000000,ISO7816,apduresponse,FETCH - SEND DATA,D07C8103014301820281210500366F170303006A1FAF93CA3BB36DA89496E00A3F8656FE8C0D40410F3D7915758966A73BD2
648,11/06/2025 16:58:24:607.000000,ISO7816,apducommand,TERMINAL RESPONSE - SEND DATA,801400000F810301430182028281830100B701FF
649,11/06/2025 16:58:24:637.000000,ISO7816,apduresponse,"SW: 9000 - Normal processing. Command correctly executed, and no response data",9000
650,11/06/2025 16:58:25:119.000000,ISO7816,apducommand,ENVELOPE Event Download - Data Available,80C2000010D60E99010982028281B8028100B701FF
651,11/06/2025 16:58:25:195.000000,ISO7816,apduresponse,"SW: 9110 - Command correctly executed, and 16 byte(s) Proactive Command is available",9110
652,11/06/2025 16:58:25:195.000000,ISO7816,apducommand,FETCH,8012000010
653,11/06/2025 16:58:25:196.000000,ISO7816,apduresponse,FETCH - RECEIVE DATA,D00E8103014200820281210500B701ED9000
654,11/06/2025 16:58:25:196.000000,ISO7816,apducommand,TERMINAL RESPONSE - RECEIVE DATA,80140000FF810301420082028281830100B681ED17030300FD02363BCDF4E1AB8B846B0452459D0F79C880C68D4F47EB81F5
655,11/06/2025 16:58:25:254.000000,ISO7816,apduresponse,"SW: 9110 - Command correctly executed, and 16 byte(s) Proactive Command is available",9110
656,11/06/2025 16:58:25:255.000000,ISO7816,apducommand,FETCH,8012000010
657,11/06/2025 16:58:25:255.000000,ISO7816,apduresponse,FETCH - RECEIVE DATA,D00E8103014200820281210500B701159000
658,11/06/2025 16:58:25:256.000000,ISO7816,apducommand,TERMINAL RESPONSE - RECEIVE DATA,8014000026810301420082028281830100B615EE3DCFEDD8B546893C283FC30367B44A57A4B06D9CB70100
659,11/06/2025 16:58:25:876.000000,ISO7816,apduresponse,"SW: 91F6 - Command correctly executed, and 246 byte(s) Proactive Command is available",91F6
660,11/06/2025 16:58:25:877.000000,ISO7816,apducommand,FETCH,80120000F6
661,11/06/2025 16:58:25:877.000000,ISO7816,apduresponse,FETCH - SEND DATA,D081F381030143008202812105003681E517030300E03146D9FCF35814204081F5892B1584C2345DD24D16EF99A9C438663D
662,11/06/2025 16:58:25:891.000000,ISO7816,apducommand,TERMINAL RESPONSE - SEND DATA,801400000F810301430082028281830100B701FF
663,11/06/2025 16:58:25:967.000000,ISO7816,apduresponse,"SW: 9163 - Command correctly executed, and 99 byte(s) Proactive Command is available",9163
664,11/06/2025 16:58:25:967.000000,ISO7816,apducommand,FETCH,8012000063
665,11/06/2025 16:58:25:969.000000,ISO7816,apduresponse,FETCH - SEND DATA,D06181030143018202812105003654170303004F8ED19CAA7B63C32BEF48F76DE93FA84A723C79A5BB13C37D27FBF2431CB2
666,11/06/2025 16:58:26:567.000000,ISO7816,apducommand,TERMINAL RESPONSE - SEND DATA,801400000F810301430182028281830100B701FF
667,11/06/2025 16:58:26:658.000000,ISO7816,apduresponse,"SW: 912C - Command correctly executed, and 44 byte(s) Proactive Command is available",912C
668,11/06/2025 16:58:26:659.000000,ISO7816,apducommand,FETCH,801200002C
669,11/06/2025 16:58:26:659.000000,ISO7816,apduresponse,FETCH - SEND DATA,D02A8103014301820281210500361D1703030018FDB3E5253A01814C9AEC3388FA390180DE2E617A1DF758829000
670,11/06/2025 16:58:27:098.000000,ISO7816,apducommand,TERMINAL RESPONSE - SEND DATA,801400000F810301430182028281830100B701FF
671,11/06/2025 16:58:27:174.000000,ISO7816,apduresponse,"SW: 912C - Command correctly executed, and 44 byte(s) Proactive Command is available",912C
672,11/06/2025 16:58:27:174.000000,ISO7816,apducommand,FETCH,801200002C
673,11/06/2025 16:58:27:174.000000,ISO7816,apduresponse,FETCH - SEND DATA,D02A8103014301820281210500361D17030300187D8FFFE27AC34EADF21E1E9FB86C563C2933453F58A4BF189000
674,11/06/2025 16:58:27:671.000000,ISO7816,apducommand,TERMINAL RESPONSE - SEND DATA,801400000F810301430182028281830100B701FF
675,11/06/2025 16:58:27:717.000000,ISO7816,apduresponse,"SW: 9000 - Normal processing. Command correctly executed, and no response data",9000
676,11/06/2025 16:58:27:731.000000,ISO7816,apducommand,ENVELOPE Event Download - Data Available,80C2000010D60E99010982028281B8028100B701F5
677,11/06/2025 16:58:27:807.000000,ISO7816,apduresponse,"SW: 9110 - Command correctly executed, and 16 byte(s) Proactive Command is available",9110
678,11/06/2025 16:58:27:808.000000,ISO7816,apducommand,FETCH,8012000010
679,11/06/2025 16:58:27:808.000000,ISO7816,apduresponse,FETCH - RECEIVE DATA,D00E8103014200820281210500B701ED9000
680,11/06/2025 16:58:27:822.000000,ISO7816,apducommand,TERMINAL RESPONSE - RECEIVE DATA,80140000FF810301420082028281830100B681ED17030300F002363BCDF4E1AB8C1E97C7844E30A4FF4C4F0A616E87D87BB0
681,11/06/2025 16:58:27:868.000000,ISO7816,apduresponse,"SW: 9110 - Command correctly executed, and 16 byte(s) Proactive Command is available",9110
682,11/06/2025 16:58:27:870.000000,ISO7816,apducommand,FETCH,8012000010
683,11/06/2025 16:58:27:871.000000,ISO7816,apduresponse,FETCH - RECEIVE DATA,D00E8103014200820281210500B701089000
684,11/06/2025 16:58:27:882.000000,ISO7816,apducommand,TERMINAL RESPONSE - RECEIVE DATA,8014000019810301420082028281830100B608A9DD3440C68F5C96B70100
685,11/06/2025 16:58:28:139.000000,ISO7816,apduresponse,"SW: 9131 - Command correctly executed, and 49 byte(s) Proactive Command is available",9131
686,11/06/2025 16:58:28:139.000000,ISO7816,apducommand,FETCH,8012000031
687,11/06/2025 16:58:28:710.000000,ISO7816,apduresponse,FETCH - SEND DATA,D02F81030143018202812105003622170303001D687B688F8E9F9EA5554E8706EAB27C3C791473A26828423A4A2B82E78E90
688,11/06/2025 16:58:28:711.000000,ISO7816,apducommand,TERMINAL RESPONSE - SEND DATA,801400000F810301430182028281830100B701FF
689,11/06/2025 16:58:28:755.000000,ISO7816,apduresponse,"SW: 9000 - Normal processing. Command correctly executed, and no response data",9000
690,11/06/2025 16:58:28:831.000000,ISO7816,apducommand,ENVELOPE Event Download - Data Available,80C2000010D60E99010982028281B8028100B701FF
691,11/06/2025 16:58:28:906.000000,ISO7816,apduresponse,"SW: 9110 - Command correctly executed, and 16 byte(s) Proactive Command is available",9110
692,11/06/2025 16:58:28:908.000000,ISO7816,apducommand,FETCH,8012000010
693,11/06/2025 16:58:28:908.000000,ISO7816,apduresponse,FETCH - RECEIVE DATA,D00E8103014200820281210500B701ED9000
694,11/06/2025 16:58:28:921.000000,ISO7816,apducommand,TERMINAL RESPONSE - RECEIVE DATA,80140000FF810301420082028281830100B681ED170303019D02363BCDF4E1AB8DCF5384121FBC9B4DD8AA29EB8C07B51040
695,11/06/2025 16:58:28:966.000000,ISO7816,apduresponse,"SW: 9110 - Command correctly executed, and 16 byte(s) Proactive Command is available",9110
696,11/06/2025 16:58:28:966.000000,ISO7816,apducommand,FETCH,8012000010
697,11/06/2025 16:58:28:981.000000,ISO7816,apduresponse,FETCH - RECEIVE DATA,D00E8103014200820281210500B701B59000
698,11/06/2025 16:58:28:981.000000,ISO7816,apducommand,TERMINAL RESPONSE - RECEIVE DATA,80140000C7810301420082028281830100B681B571F0C1126EFADE88185305F5FD3133913FDB6DCA64115FEAFE12A31D9EC1
699,11/06/2025 16:58:29:103.000000,ISO7816,apduresponse,"SW: 912E - Command correctly executed, and 46 byte(s) Proactive Command is available",912E
700,11/06/2025 16:58:29:118.000000,ISO7816,apducommand,FETCH,801200002E
701,11/06/2025 16:58:29:118.000000,ISO7816,apduresponse,FETCH - SEND DATA,D02C8103014301820281210500361F150303001AAC0B1914E9F18AAA02D45A513E744BFB867E683BBBE2E93E40439000
702,11/06/2025 16:58:29:873.000000,ISO7816,apducommand,TERMINAL RESPONSE - SEND DATA,801400000F810301430182028281830100B701FF
703,11/06/2025 16:58:29:979.000000,ISO7816,apduresponse,"SW: 910D - Command correctly executed, and 13 byte(s) Proactive Command is available",910D
704,11/06/2025 16:58:29:980.000000,ISO7816,apducommand,FETCH,801200000D
705,11/06/2025 16:58:29:980.000000,ISO7816,apduresponse,FETCH - CLOSE CHANNEL,D00B81030141008202812105009000
706,11/06/2025 16:58:29:980.000000,ISO7816,apducommand,TERMINAL RESPONSE - CLOSE CHANNEL,801400000C810301410082028281830100
707,11/06/2025 16:58:30:267.000000,ISO7816,apduresponse,"SW: 910B - Command correctly executed, and 11 byte(s) Proactive Command is available",910B
708,11/06/2025 16:58:30:267.000000,ISO7816,apducommand,FETCH,801200000B
709,11/06/2025 16:58:30:282.000000,ISO7816,apduresponse,FETCH - POLLING OFF,D0098103010400820281829000
710,11/06/2025 16:58:30:282.000000,ISO7816,apducommand,TERMINAL RESPONSE - POLLING OFF,801400000C810301040082028281830100
711,11/06/2025 16:58:30:313.000000,ISO7816,apduresponse,"SW: 9000 - Normal processing. Command correctly executed, and no response data",9000
712,11/06/2025 16:58:47:739.000000,ISO7816,apducommand,ENVELOPE Timer Expiration,80C200000ED70C82028281A40101A503001000
713,11/06/2025 16:58:47:814.000000,ISO7816,apduresponse,"SW: 9113 - Command correctly executed, and 19 byte(s) Proactive Command is available",9113
714,11/06/2025 16:58:47:814.000000,ISO7816,apducommand,FETCH,8012000013
